,pm25
2023-08-01 00:00:00+00:00,
2023-08-01 01:00:00+00:00,
2023-08-01 02:00:00+00:00,
2023-08-01 03:00:00+00:00,
2023-08-01 04:00:00+00:00,
2023-08-01 05:00:00+00:00,
2023-08-01 06:00:00+00:00,
2023-08-01 07:00:00+00:00,
2023-08-01 08:00:00+00:00,
2023-08-01 09:00:00+00:00,
2023-08-01 10:00:00+00:00,
2023-08-01 11:00:00+00:00,
2023-08-01 12:00:00+00:00,
2023-08-01 13:00:00+00:00,
2023-08-01 14:00:00+00:00,
2023-08-01 15:00:00+00:00,
2023-08-01 16:00:00+00:00,
2023-08-01 17:00:00+00:00,
2023-08-01 18:00:00+00:00,
2023-08-01 19:00:00+00:00,
2023-08-01 20:00:00+00:00,
2023-08-01 21:00:00+00:00,
2023-08-01 22:00:00+00:00,
2023-08-01 23:00:00+00:00,
2023-08-02 00:00:00+00:00,
2023-08-02 01:00:00+00:00,
2023-08-02 02:00:00+00:00,
2023-08-02 03:00:00+00:00,
2023-08-02 04:00:00+00:00,
2023-08-02 05:00:00+00:00,
2023-08-02 06:00:00+00:00,
2023-08-02 07:00:00+00:00,
2023-08-02 08:00:00+00:00,
2023-08-02 09:00:00+00:00,
2023-08-02 10:00:00+00:00,
2023-08-02 11:00:00+00:00,
2023-08-02 12:00:00+00:00,
2023-08-02 13:00:00+00:00,
2023-08-02 14:00:00+00:00,
2023-08-02 15:00:00+00:00,
2023-08-02 16:00:00+00:00,
2023-08-02 17:00:00+00:00,
2023-08-02 18:00:00+00:00,
2023-08-02 19:00:00+00:00,
2023-08-02 20:00:00+00:00,
2023-08-02 21:00:00+00:00,
2023-08-02 22:00:00+00:00,
2023-08-02 23:00:00+00:00,
2023-08-03 00:00:00+00:00,
2023-08-03 01:00:00+00:00,
2023-08-03 02:00:00+00:00,4.95
2023-08-03 03:00:00+00:00,
2023-08-03 04:00:00+00:00,5.395833333333333
2023-08-03 05:00:00+00:00,6.679166754086812
2023-08-03 06:00:00+00:00,10.72083338101705
2023-08-03 07:00:00+00:00,17.541666905085247
2023-08-03 08:00:00+00:00,
2023-08-03 09:00:00+00:00,13.47499974568685
2023-08-03 10:00:00+00:00,15.304166714350382
2023-08-03 11:00:00+00:00,10.508333365122477
2023-08-03 12:00:00+00:00,12.083333492279053
2023-08-03 13:00:00+00:00,11.962500095367432
2023-08-03 14:00:00+00:00,
2023-08-03 15:00:00+00:00,12.008333285649618
2023-08-03 16:00:00+00:00,8.658333341280619
2023-08-03 17:00:00+00:00,12.191666603088379
2023-08-03 18:00:00+00:00,18.77500009536743
2023-08-03 19:00:00+00:00,
2023-08-03 20:00:00+00:00,30.74999976158142
2023-08-03 21:00:00+00:00,30.427777820163303
2023-08-03 22:00:00+00:00,27.125
2023-08-03 23:00:00+00:00,21.55416663487752
2023-08-04 00:00:00+00:00,14.883333285649618
2023-08-04 01:00:00+00:00,10.995833158493042
2023-08-04 02:00:00+00:00,9.858333349227905
2023-08-04 03:00:00+00:00,10.412500063578287
2023-08-04 04:00:00+00:00,11.724999984105429
2023-08-04 05:00:00+00:00,11.03333338101705
2023-08-04 06:00:00+00:00,13.71666669845581
2023-08-04 07:00:00+00:00,13.53333330154419
2023-08-04 08:00:00+00:00,22.079166730244953
2023-08-04 09:00:00+00:00,15.520833412806192
2023-08-04 10:00:00+00:00,14.920833428700766
2023-08-04 11:00:00+00:00,12.150000015894571
2023-08-04 12:00:00+00:00,
2023-08-04 13:00:00+00:00,
2023-08-04 14:00:00+00:00,
2023-08-04 15:00:00+00:00,
2023-08-04 16:00:00+00:00,
2023-08-04 17:00:00+00:00,
2023-08-04 18:00:00+00:00,
2023-08-04 19:00:00+00:00,
2023-08-04 20:00:00+00:00,
2023-08-04 21:00:00+00:00,
2023-08-04 22:00:00+00:00,
2023-08-04 23:00:00+00:00,
2023-08-05 00:00:00+00:00,
2023-08-05 01:00:00+00:00,
2023-08-05 02:00:00+00:00,
2023-08-05 03:00:00+00:00,
2023-08-05 04:00:00+00:00,
2023-08-05 05:00:00+00:00,
2023-08-05 06:00:00+00:00,
2023-08-05 07:00:00+00:00,
2023-08-05 08:00:00+00:00,
2023-08-05 09:00:00+00:00,
2023-08-05 10:00:00+00:00,
2023-08-05 11:00:00+00:00,
2023-08-05 12:00:00+00:00,
2023-08-05 13:00:00+00:00,
2023-08-05 14:00:00+00:00,
2023-08-05 15:00:00+00:00,
2023-08-05 16:00:00+00:00,
2023-08-05 17:00:00+00:00,
2023-08-05 18:00:00+00:00,
2023-08-05 19:00:00+00:00,
2023-08-05 20:00:00+00:00,
2023-08-05 21:00:00+00:00,
2023-08-05 22:00:00+00:00,
2023-08-05 23:00:00+00:00,
2023-08-06 00:00:00+00:00,
2023-08-06 01:00:00+00:00,
2023-08-06 02:00:00+00:00,
2023-08-06 03:00:00+00:00,
2023-08-06 04:00:00+00:00,
2023-08-06 05:00:00+00:00,
2023-08-06 06:00:00+00:00,
2023-08-06 07:00:00+00:00,
2023-08-06 08:00:00+00:00,
2023-08-06 09:00:00+00:00,
2023-08-06 10:00:00+00:00,
2023-08-06 11:00:00+00:00,
2023-08-06 12:00:00+00:00,
2023-08-06 13:00:00+00:00,
2023-08-06 14:00:00+00:00,
2023-08-06 15:00:00+00:00,
2023-08-06 16:00:00+00:00,
2023-08-06 17:00:00+00:00,
2023-08-06 18:00:00+00:00,
2023-08-06 19:00:00+00:00,
2023-08-06 20:00:00+00:00,
2023-08-06 21:00:00+00:00,
2023-08-06 22:00:00+00:00,
2023-08-06 23:00:00+00:00,
2023-08-07 00:00:00+00:00,
2023-08-07 01:00:00+00:00,
2023-08-07 02:00:00+00:00,
2023-08-07 03:00:00+00:00,
2023-08-07 04:00:00+00:00,
2023-08-07 05:00:00+00:00,
2023-08-07 06:00:00+00:00,
2023-08-07 07:00:00+00:00,
2023-08-07 08:00:00+00:00,
2023-08-07 09:00:00+00:00,
2023-08-07 10:00:00+00:00,
2023-08-07 11:00:00+00:00,
2023-08-07 12:00:00+00:00,
2023-08-07 13:00:00+00:00,
2023-08-07 14:00:00+00:00,
2023-08-07 15:00:00+00:00,
2023-08-07 16:00:00+00:00,
2023-08-07 17:00:00+00:00,
2023-08-07 18:00:00+00:00,
2023-08-07 19:00:00+00:00,
2023-08-07 20:00:00+00:00,
2023-08-07 21:00:00+00:00,
2023-08-07 22:00:00+00:00,
2023-08-07 23:00:00+00:00,
2023-08-08 00:00:00+00:00,
2023-08-08 01:00:00+00:00,
2023-08-08 02:00:00+00:00,
2023-08-08 03:00:00+00:00,
2023-08-08 04:00:00+00:00,
2023-08-08 05:00:00+00:00,
2023-08-08 06:00:00+00:00,
2023-08-08 07:00:00+00:00,
2023-08-08 08:00:00+00:00,
2023-08-08 09:00:00+00:00,
2023-08-08 10:00:00+00:00,
2023-08-08 11:00:00+00:00,
2023-08-08 12:00:00+00:00,
2023-08-08 13:00:00+00:00,
2023-08-08 14:00:00+00:00,
2023-08-08 15:00:00+00:00,
2023-08-08 16:00:00+00:00,
2023-08-08 17:00:00+00:00,
2023-08-08 18:00:00+00:00,
2023-08-08 19:00:00+00:00,
2023-08-08 20:00:00+00:00,
2023-08-08 21:00:00+00:00,
2023-08-08 22:00:00+00:00,
2023-08-08 23:00:00+00:00,
2023-08-09 00:00:00+00:00,
2023-08-09 01:00:00+00:00,
2023-08-09 02:00:00+00:00,
2023-08-09 03:00:00+00:00,
2023-08-09 04:00:00+00:00,
2023-08-09 05:00:00+00:00,
2023-08-09 06:00:00+00:00,
2023-08-09 07:00:00+00:00,
2023-08-09 08:00:00+00:00,
2023-08-09 09:00:00+00:00,
2023-08-09 10:00:00+00:00,
2023-08-09 11:00:00+00:00,
2023-08-09 12:00:00+00:00,
2023-08-09 13:00:00+00:00,
2023-08-09 14:00:00+00:00,
2023-08-09 15:00:00+00:00,
2023-08-09 16:00:00+00:00,
2023-08-09 17:00:00+00:00,
2023-08-09 18:00:00+00:00,
2023-08-09 19:00:00+00:00,
2023-08-09 20:00:00+00:00,
2023-08-09 21:00:00+00:00,
2023-08-09 22:00:00+00:00,
2023-08-09 23:00:00+00:00,
2023-08-10 00:00:00+00:00,
2023-08-10 01:00:00+00:00,
2023-08-10 02:00:00+00:00,
2023-08-10 03:00:00+00:00,
2023-08-10 04:00:00+00:00,
2023-08-10 05:00:00+00:00,
2023-08-10 06:00:00+00:00,
2023-08-10 07:00:00+00:00,
2023-08-10 08:00:00+00:00,
2023-08-10 09:00:00+00:00,
2023-08-10 10:00:00+00:00,
2023-08-10 11:00:00+00:00,
2023-08-10 12:00:00+00:00,
2023-08-10 13:00:00+00:00,
2023-08-10 14:00:00+00:00,
2023-08-10 15:00:00+00:00,
2023-08-10 16:00:00+00:00,
2023-08-10 17:00:00+00:00,
2023-08-10 18:00:00+00:00,
2023-08-10 19:00:00+00:00,
2023-08-10 20:00:00+00:00,
2023-08-10 21:00:00+00:00,
2023-08-10 22:00:00+00:00,
2023-08-10 23:00:00+00:00,
2023-08-11 00:00:00+00:00,
2023-08-11 01:00:00+00:00,
2023-08-11 02:00:00+00:00,
2023-08-11 03:00:00+00:00,
2023-08-11 04:00:00+00:00,
2023-08-11 05:00:00+00:00,
2023-08-11 06:00:00+00:00,
2023-08-11 07:00:00+00:00,
2023-08-11 08:00:00+00:00,
2023-08-11 09:00:00+00:00,
2023-08-11 10:00:00+00:00,
2023-08-11 11:00:00+00:00,
2023-08-11 12:00:00+00:00,
2023-08-11 13:00:00+00:00,
2023-08-11 14:00:00+00:00,
2023-08-11 15:00:00+00:00,
2023-08-11 16:00:00+00:00,
2023-08-11 17:00:00+00:00,
2023-08-11 18:00:00+00:00,
2023-08-11 19:00:00+00:00,
2023-08-11 20:00:00+00:00,
2023-08-11 21:00:00+00:00,
2023-08-11 22:00:00+00:00,
2023-08-11 23:00:00+00:00,
2023-08-12 00:00:00+00:00,
2023-08-12 01:00:00+00:00,
2023-08-12 02:00:00+00:00,
2023-08-12 03:00:00+00:00,
2023-08-12 04:00:00+00:00,
2023-08-12 05:00:00+00:00,
2023-08-12 06:00:00+00:00,
2023-08-12 07:00:00+00:00,
2023-08-12 08:00:00+00:00,
2023-08-12 09:00:00+00:00,
2023-08-12 10:00:00+00:00,
2023-08-12 11:00:00+00:00,
2023-08-12 12:00:00+00:00,
2023-08-12 13:00:00+00:00,
2023-08-12 14:00:00+00:00,
2023-08-12 15:00:00+00:00,
2023-08-12 16:00:00+00:00,
2023-08-12 17:00:00+00:00,
2023-08-12 18:00:00+00:00,
2023-08-12 19:00:00+00:00,
2023-08-12 20:00:00+00:00,
2023-08-12 21:00:00+00:00,
2023-08-12 22:00:00+00:00,
2023-08-12 23:00:00+00:00,
2023-08-13 00:00:00+00:00,
2023-08-13 01:00:00+00:00,
2023-08-13 02:00:00+00:00,
2023-08-13 03:00:00+00:00,
2023-08-13 04:00:00+00:00,
2023-08-13 05:00:00+00:00,
2023-08-13 06:00:00+00:00,
2023-08-13 07:00:00+00:00,
2023-08-13 08:00:00+00:00,
2023-08-13 09:00:00+00:00,
2023-08-13 10:00:00+00:00,
2023-08-13 11:00:00+00:00,
2023-08-13 12:00:00+00:00,
2023-08-13 13:00:00+00:00,
2023-08-13 14:00:00+00:00,
2023-08-13 15:00:00+00:00,
2023-08-13 16:00:00+00:00,
2023-08-13 17:00:00+00:00,
2023-08-13 18:00:00+00:00,
2023-08-13 19:00:00+00:00,
2023-08-13 20:00:00+00:00,
2023-08-13 21:00:00+00:00,
2023-08-13 22:00:00+00:00,
2023-08-13 23:00:00+00:00,
2023-08-14 00:00:00+00:00,
2023-08-14 01:00:00+00:00,
2023-08-14 02:00:00+00:00,
2023-08-14 03:00:00+00:00,
2023-08-14 04:00:00+00:00,
2023-08-14 05:00:00+00:00,
2023-08-14 06:00:00+00:00,
2023-08-14 07:00:00+00:00,
2023-08-14 08:00:00+00:00,
2023-08-14 09:00:00+00:00,
2023-08-14 10:00:00+00:00,
2023-08-14 11:00:00+00:00,
2023-08-14 12:00:00+00:00,
2023-08-14 13:00:00+00:00,
2023-08-14 14:00:00+00:00,
2023-08-14 15:00:00+00:00,
2023-08-14 16:00:00+00:00,
2023-08-14 17:00:00+00:00,
2023-08-14 18:00:00+00:00,
2023-08-14 19:00:00+00:00,
2023-08-14 20:00:00+00:00,
2023-08-14 21:00:00+00:00,
2023-08-14 22:00:00+00:00,
2023-08-14 23:00:00+00:00,
2023-08-15 00:00:00+00:00,
2023-08-15 01:00:00+00:00,
2023-08-15 02:00:00+00:00,
2023-08-15 03:00:00+00:00,
2023-08-15 04:00:00+00:00,
2023-08-15 05:00:00+00:00,
2023-08-15 06:00:00+00:00,
2023-08-15 07:00:00+00:00,
2023-08-15 08:00:00+00:00,
2023-08-15 09:00:00+00:00,
2023-08-15 10:00:00+00:00,
2023-08-15 11:00:00+00:00,
2023-08-15 12:00:00+00:00,
2023-08-15 13:00:00+00:00,
2023-08-15 14:00:00+00:00,
2023-08-15 15:00:00+00:00,
2023-08-15 16:00:00+00:00,
2023-08-15 17:00:00+00:00,
2023-08-15 18:00:00+00:00,
2023-08-15 19:00:00+00:00,
2023-08-15 20:00:00+00:00,
2023-08-15 21:00:00+00:00,
2023-08-15 22:00:00+00:00,
2023-08-15 23:00:00+00:00,
2023-08-16 00:00:00+00:00,
2023-08-16 01:00:00+00:00,
2023-08-16 02:00:00+00:00,
2023-08-16 03:00:00+00:00,
2023-08-16 04:00:00+00:00,
2023-08-16 05:00:00+00:00,
2023-08-16 06:00:00+00:00,
2023-08-16 07:00:00+00:00,
2023-08-16 08:00:00+00:00,
2023-08-16 09:00:00+00:00,
2023-08-16 10:00:00+00:00,
2023-08-16 11:00:00+00:00,
2023-08-16 12:00:00+00:00,
2023-08-16 13:00:00+00:00,
2023-08-16 14:00:00+00:00,
2023-08-16 15:00:00+00:00,
2023-08-16 16:00:00+00:00,
2023-08-16 17:00:00+00:00,
2023-08-16 18:00:00+00:00,
2023-08-16 19:00:00+00:00,
2023-08-16 20:00:00+00:00,
2023-08-16 21:00:00+00:00,
2023-08-16 22:00:00+00:00,
2023-08-16 23:00:00+00:00,
2023-08-17 00:00:00+00:00,
2023-08-17 01:00:00+00:00,
2023-08-17 02:00:00+00:00,
2023-08-17 03:00:00+00:00,
2023-08-17 04:00:00+00:00,
2023-08-17 05:00:00+00:00,
2023-08-17 06:00:00+00:00,
2023-08-17 07:00:00+00:00,
2023-08-17 08:00:00+00:00,
2023-08-17 09:00:00+00:00,
2023-08-17 10:00:00+00:00,
2023-08-17 11:00:00+00:00,
2023-08-17 12:00:00+00:00,
2023-08-17 13:00:00+00:00,
2023-08-17 14:00:00+00:00,
2023-08-17 15:00:00+00:00,
2023-08-17 16:00:00+00:00,
2023-08-17 17:00:00+00:00,
2023-08-17 18:00:00+00:00,
2023-08-17 19:00:00+00:00,
2023-08-17 20:00:00+00:00,
2023-08-17 21:00:00+00:00,
2023-08-17 22:00:00+00:00,
2023-08-17 23:00:00+00:00,
2023-08-18 00:00:00+00:00,
2023-08-18 01:00:00+00:00,
2023-08-18 02:00:00+00:00,
2023-08-18 03:00:00+00:00,
2023-08-18 04:00:00+00:00,
2023-08-18 05:00:00+00:00,
2023-08-18 06:00:00+00:00,
2023-08-18 07:00:00+00:00,
2023-08-18 08:00:00+00:00,
2023-08-18 09:00:00+00:00,
2023-08-18 10:00:00+00:00,
2023-08-18 11:00:00+00:00,
2023-08-18 12:00:00+00:00,
2023-08-18 13:00:00+00:00,
2023-08-18 14:00:00+00:00,
2023-08-18 15:00:00+00:00,
2023-08-18 16:00:00+00:00,
2023-08-18 17:00:00+00:00,
2023-08-18 18:00:00+00:00,
2023-08-18 19:00:00+00:00,
2023-08-18 20:00:00+00:00,
2023-08-18 21:00:00+00:00,
2023-08-18 22:00:00+00:00,
2023-08-18 23:00:00+00:00,
2023-08-19 00:00:00+00:00,
2023-08-19 01:00:00+00:00,
2023-08-19 02:00:00+00:00,
2023-08-19 03:00:00+00:00,
2023-08-19 04:00:00+00:00,
2023-08-19 05:00:00+00:00,
2023-08-19 06:00:00+00:00,
2023-08-19 07:00:00+00:00,
2023-08-19 08:00:00+00:00,
2023-08-19 09:00:00+00:00,
2023-08-19 10:00:00+00:00,
2023-08-19 11:00:00+00:00,
2023-08-19 12:00:00+00:00,
2023-08-19 13:00:00+00:00,
2023-08-19 14:00:00+00:00,
2023-08-19 15:00:00+00:00,
2023-08-19 16:00:00+00:00,
2023-08-19 17:00:00+00:00,
2023-08-19 18:00:00+00:00,
2023-08-19 19:00:00+00:00,
2023-08-19 20:00:00+00:00,
2023-08-19 21:00:00+00:00,
2023-08-19 22:00:00+00:00,
2023-08-19 23:00:00+00:00,
2023-08-20 00:00:00+00:00,
2023-08-20 01:00:00+00:00,
2023-08-20 02:00:00+00:00,
2023-08-20 03:00:00+00:00,
2023-08-20 04:00:00+00:00,
2023-08-20 05:00:00+00:00,
2023-08-20 06:00:00+00:00,
2023-08-20 07:00:00+00:00,
2023-08-20 08:00:00+00:00,
2023-08-20 09:00:00+00:00,
2023-08-20 10:00:00+00:00,
2023-08-20 11:00:00+00:00,
2023-08-20 12:00:00+00:00,
2023-08-20 13:00:00+00:00,
2023-08-20 14:00:00+00:00,
2023-08-20 15:00:00+00:00,
2023-08-20 16:00:00+00:00,
2023-08-20 17:00:00+00:00,
2023-08-20 18:00:00+00:00,
2023-08-20 19:00:00+00:00,
2023-08-20 20:00:00+00:00,
2023-08-20 21:00:00+00:00,
2023-08-20 22:00:00+00:00,
2023-08-20 23:00:00+00:00,
2023-08-21 00:00:00+00:00,
2023-08-21 01:00:00+00:00,
2023-08-21 02:00:00+00:00,
2023-08-21 03:00:00+00:00,
2023-08-21 04:00:00+00:00,
2023-08-21 05:00:00+00:00,
2023-08-21 06:00:00+00:00,
2023-08-21 07:00:00+00:00,
2023-08-21 08:00:00+00:00,
2023-08-21 09:00:00+00:00,
2023-08-21 10:00:00+00:00,
2023-08-21 11:00:00+00:00,
2023-08-21 12:00:00+00:00,
2023-08-21 13:00:00+00:00,
2023-08-21 14:00:00+00:00,
2023-08-21 15:00:00+00:00,
2023-08-21 16:00:00+00:00,
2023-08-21 17:00:00+00:00,
2023-08-21 18:00:00+00:00,
2023-08-21 19:00:00+00:00,
2023-08-21 20:00:00+00:00,
2023-08-21 21:00:00+00:00,
2023-08-21 22:00:00+00:00,
2023-08-21 23:00:00+00:00,
2023-08-22 00:00:00+00:00,
2023-08-22 01:00:00+00:00,
2023-08-22 02:00:00+00:00,
2023-08-22 03:00:00+00:00,
2023-08-22 04:00:00+00:00,
2023-08-22 05:00:00+00:00,
2023-08-22 06:00:00+00:00,
2023-08-22 07:00:00+00:00,
2023-08-22 08:00:00+00:00,
2023-08-22 09:00:00+00:00,
2023-08-22 10:00:00+00:00,
2023-08-22 11:00:00+00:00,
2023-08-22 12:00:00+00:00,
2023-08-22 13:00:00+00:00,
2023-08-22 14:00:00+00:00,
2023-08-22 15:00:00+00:00,
2023-08-22 16:00:00+00:00,
2023-08-22 17:00:00+00:00,
2023-08-22 18:00:00+00:00,
2023-08-22 19:00:00+00:00,
2023-08-22 20:00:00+00:00,
2023-08-22 21:00:00+00:00,
2023-08-22 22:00:00+00:00,
2023-08-22 23:00:00+00:00,
2023-08-23 00:00:00+00:00,
2023-08-23 01:00:00+00:00,
2023-08-23 02:00:00+00:00,
2023-08-23 03:00:00+00:00,
2023-08-23 04:00:00+00:00,
2023-08-23 05:00:00+00:00,
2023-08-23 06:00:00+00:00,
2023-08-23 07:00:00+00:00,
2023-08-23 08:00:00+00:00,
2023-08-23 09:00:00+00:00,
2023-08-23 10:00:00+00:00,
2023-08-23 11:00:00+00:00,
2023-08-23 12:00:00+00:00,
2023-08-23 13:00:00+00:00,
2023-08-23 14:00:00+00:00,
2023-08-23 15:00:00+00:00,
2023-08-23 16:00:00+00:00,
2023-08-23 17:00:00+00:00,
2023-08-23 18:00:00+00:00,
2023-08-23 19:00:00+00:00,
2023-08-23 20:00:00+00:00,
2023-08-23 21:00:00+00:00,
2023-08-23 22:00:00+00:00,
2023-08-23 23:00:00+00:00,
2023-08-24 00:00:00+00:00,
2023-08-24 01:00:00+00:00,
2023-08-24 02:00:00+00:00,
2023-08-24 03:00:00+00:00,
2023-08-24 04:00:00+00:00,
2023-08-24 05:00:00+00:00,
2023-08-24 06:00:00+00:00,
2023-08-24 07:00:00+00:00,
2023-08-24 08:00:00+00:00,
2023-08-24 09:00:00+00:00,
2023-08-24 10:00:00+00:00,
2023-08-24 11:00:00+00:00,
2023-08-24 12:00:00+00:00,
2023-08-24 13:00:00+00:00,
2023-08-24 14:00:00+00:00,
2023-08-24 15:00:00+00:00,
2023-08-24 16:00:00+00:00,
2023-08-24 17:00:00+00:00,
2023-08-24 18:00:00+00:00,
2023-08-24 19:00:00+00:00,
2023-08-24 20:00:00+00:00,
2023-08-24 21:00:00+00:00,
2023-08-24 22:00:00+00:00,
2023-08-24 23:00:00+00:00,
2023-08-25 00:00:00+00:00,
2023-08-25 01:00:00+00:00,
2023-08-25 02:00:00+00:00,
2023-08-25 03:00:00+00:00,
2023-08-25 04:00:00+00:00,
2023-08-25 05:00:00+00:00,
2023-08-25 06:00:00+00:00,
2023-08-25 07:00:00+00:00,
2023-08-25 08:00:00+00:00,
2023-08-25 09:00:00+00:00,
2023-08-25 10:00:00+00:00,
2023-08-25 11:00:00+00:00,
2023-08-25 12:00:00+00:00,
2023-08-25 13:00:00+00:00,
2023-08-25 14:00:00+00:00,
2023-08-25 15:00:00+00:00,
2023-08-25 16:00:00+00:00,
2023-08-25 17:00:00+00:00,
2023-08-25 18:00:00+00:00,
2023-08-25 19:00:00+00:00,
2023-08-25 20:00:00+00:00,
2023-08-25 21:00:00+00:00,
2023-08-25 22:00:00+00:00,
2023-08-25 23:00:00+00:00,
2023-08-26 00:00:00+00:00,
2023-08-26 01:00:00+00:00,
2023-08-26 02:00:00+00:00,
2023-08-26 03:00:00+00:00,
2023-08-26 04:00:00+00:00,
2023-08-26 05:00:00+00:00,
2023-08-26 06:00:00+00:00,
2023-08-26 07:00:00+00:00,
2023-08-26 08:00:00+00:00,
2023-08-26 09:00:00+00:00,
2023-08-26 10:00:00+00:00,
2023-08-26 11:00:00+00:00,
2023-08-26 12:00:00+00:00,
2023-08-26 13:00:00+00:00,
2023-08-26 14:00:00+00:00,
2023-08-26 15:00:00+00:00,
2023-08-26 16:00:00+00:00,
2023-08-26 17:00:00+00:00,
2023-08-26 18:00:00+00:00,
2023-08-26 19:00:00+00:00,
2023-08-26 20:00:00+00:00,
2023-08-26 21:00:00+00:00,
2023-08-26 22:00:00+00:00,
2023-08-26 23:00:00+00:00,
2023-08-27 00:00:00+00:00,
2023-08-27 01:00:00+00:00,
2023-08-27 02:00:00+00:00,
2023-08-27 03:00:00+00:00,
2023-08-27 04:00:00+00:00,
2023-08-27 05:00:00+00:00,
2023-08-27 06:00:00+00:00,
2023-08-27 07:00:00+00:00,
2023-08-27 08:00:00+00:00,
2023-08-27 09:00:00+00:00,
2023-08-27 10:00:00+00:00,
2023-08-27 11:00:00+00:00,
2023-08-27 12:00:00+00:00,
2023-08-27 13:00:00+00:00,
2023-08-27 14:00:00+00:00,
2023-08-27 15:00:00+00:00,
2023-08-27 16:00:00+00:00,
2023-08-27 17:00:00+00:00,
2023-08-27 18:00:00+00:00,
2023-08-27 19:00:00+00:00,
2023-08-27 20:00:00+00:00,
2023-08-27 21:00:00+00:00,
2023-08-27 22:00:00+00:00,
2023-08-27 23:00:00+00:00,
2023-08-28 00:00:00+00:00,
2023-08-28 01:00:00+00:00,
2023-08-28 02:00:00+00:00,
2023-08-28 03:00:00+00:00,
2023-08-28 04:00:00+00:00,
2023-08-28 05:00:00+00:00,
2023-08-28 06:00:00+00:00,
2023-08-28 07:00:00+00:00,
2023-08-28 08:00:00+00:00,
2023-08-28 09:00:00+00:00,
2023-08-28 10:00:00+00:00,
2023-08-28 11:00:00+00:00,
2023-08-28 12:00:00+00:00,
2023-08-28 13:00:00+00:00,
2023-08-28 14:00:00+00:00,
2023-08-28 15:00:00+00:00,
2023-08-28 16:00:00+00:00,
2023-08-28 17:00:00+00:00,
2023-08-28 18:00:00+00:00,
2023-08-28 19:00:00+00:00,
2023-08-28 20:00:00+00:00,
2023-08-28 21:00:00+00:00,
2023-08-28 22:00:00+00:00,
2023-08-28 23:00:00+00:00,
2023-08-29 00:00:00+00:00,
2023-08-29 01:00:00+00:00,
2023-08-29 02:00:00+00:00,
2023-08-29 03:00:00+00:00,
2023-08-29 04:00:00+00:00,
2023-08-29 05:00:00+00:00,
2023-08-29 06:00:00+00:00,
2023-08-29 07:00:00+00:00,
2023-08-29 08:00:00+00:00,
2023-08-29 09:00:00+00:00,
2023-08-29 10:00:00+00:00,
2023-08-29 11:00:00+00:00,
2023-08-29 12:00:00+00:00,
2023-08-29 13:00:00+00:00,
2023-08-29 14:00:00+00:00,
2023-08-29 15:00:00+00:00,
2023-08-29 16:00:00+00:00,
2023-08-29 17:00:00+00:00,
2023-08-29 18:00:00+00:00,
2023-08-29 19:00:00+00:00,
2023-08-29 20:00:00+00:00,
2023-08-29 21:00:00+00:00,
2023-08-29 22:00:00+00:00,
2023-08-29 23:00:00+00:00,
2023-08-30 00:00:00+00:00,
2023-08-30 01:00:00+00:00,
2023-08-30 02:00:00+00:00,
2023-08-30 03:00:00+00:00,
2023-08-30 04:00:00+00:00,
2023-08-30 05:00:00+00:00,
2023-08-30 06:00:00+00:00,
2023-08-30 07:00:00+00:00,
2023-08-30 08:00:00+00:00,
2023-08-30 09:00:00+00:00,
2023-08-30 10:00:00+00:00,
2023-08-30 11:00:00+00:00,
2023-08-30 12:00:00+00:00,
2023-08-30 13:00:00+00:00,
2023-08-30 14:00:00+00:00,
2023-08-30 15:00:00+00:00,
2023-08-30 16:00:00+00:00,
2023-08-30 17:00:00+00:00,
2023-08-30 18:00:00+00:00,
2023-08-30 19:00:00+00:00,
2023-08-30 20:00:00+00:00,
2023-08-30 21:00:00+00:00,
2023-08-30 22:00:00+00:00,
2023-08-30 23:00:00+00:00,
2023-08-31 00:00:00+00:00,
2023-08-31 01:00:00+00:00,
2023-08-31 02:00:00+00:00,
2023-08-31 03:00:00+00:00,
2023-08-31 04:00:00+00:00,
2023-08-31 05:00:00+00:00,
2023-08-31 06:00:00+00:00,
2023-08-31 07:00:00+00:00,
2023-08-31 08:00:00+00:00,
2023-08-31 09:00:00+00:00,
2023-08-31 10:00:00+00:00,
2023-08-31 11:00:00+00:00,
2023-08-31 12:00:00+00:00,
2023-08-31 13:00:00+00:00,
2023-08-31 14:00:00+00:00,
2023-08-31 15:00:00+00:00,
2023-08-31 16:00:00+00:00,
2023-08-31 17:00:00+00:00,
2023-08-31 18:00:00+00:00,
2023-08-31 19:00:00+00:00,
2023-08-31 20:00:00+00:00,
2023-08-31 21:00:00+00:00,
2023-08-31 22:00:00+00:00,
2023-08-31 23:00:00+00:00,
2023-09-01 00:00:00+00:00,
2023-09-01 01:00:00+00:00,
2023-09-01 02:00:00+00:00,
2023-09-01 03:00:00+00:00,
2023-09-01 04:00:00+00:00,
2023-09-01 05:00:00+00:00,
2023-09-01 06:00:00+00:00,
2023-09-01 07:00:00+00:00,
2023-09-01 08:00:00+00:00,
2023-09-01 09:00:00+00:00,
2023-09-01 10:00:00+00:00,
2023-09-01 11:00:00+00:00,
2023-09-01 12:00:00+00:00,
2023-09-01 13:00:00+00:00,
2023-09-01 14:00:00+00:00,
2023-09-01 15:00:00+00:00,
2023-09-01 16:00:00+00:00,
2023-09-01 17:00:00+00:00,
2023-09-01 18:00:00+00:00,
2023-09-01 19:00:00+00:00,
2023-09-01 20:00:00+00:00,
2023-09-01 21:00:00+00:00,
2023-09-01 22:00:00+00:00,
2023-09-01 23:00:00+00:00,
2023-09-02 00:00:00+00:00,
2023-09-02 01:00:00+00:00,
2023-09-02 02:00:00+00:00,
2023-09-02 03:00:00+00:00,
2023-09-02 04:00:00+00:00,
2023-09-02 05:00:00+00:00,
2023-09-02 06:00:00+00:00,
2023-09-02 07:00:00+00:00,
2023-09-02 08:00:00+00:00,
2023-09-02 09:00:00+00:00,
2023-09-02 10:00:00+00:00,
2023-09-02 11:00:00+00:00,
2023-09-02 12:00:00+00:00,
2023-09-02 13:00:00+00:00,
2023-09-02 14:00:00+00:00,
2023-09-02 15:00:00+00:00,
2023-09-02 16:00:00+00:00,
2023-09-02 17:00:00+00:00,
2023-09-02 18:00:00+00:00,
2023-09-02 19:00:00+00:00,
2023-09-02 20:00:00+00:00,
2023-09-02 21:00:00+00:00,
2023-09-02 22:00:00+00:00,
2023-09-02 23:00:00+00:00,
2023-09-03 00:00:00+00:00,
2023-09-03 01:00:00+00:00,
2023-09-03 02:00:00+00:00,
2023-09-03 03:00:00+00:00,
2023-09-03 04:00:00+00:00,
2023-09-03 05:00:00+00:00,
2023-09-03 06:00:00+00:00,
2023-09-03 07:00:00+00:00,
2023-09-03 08:00:00+00:00,
2023-09-03 09:00:00+00:00,
2023-09-03 10:00:00+00:00,
2023-09-03 11:00:00+00:00,
2023-09-03 12:00:00+00:00,
2023-09-03 13:00:00+00:00,
2023-09-03 14:00:00+00:00,
2023-09-03 15:00:00+00:00,
2023-09-03 16:00:00+00:00,
2023-09-03 17:00:00+00:00,
2023-09-03 18:00:00+00:00,
2023-09-03 19:00:00+00:00,
2023-09-03 20:00:00+00:00,
2023-09-03 21:00:00+00:00,
2023-09-03 22:00:00+00:00,
2023-09-03 23:00:00+00:00,
2023-09-04 00:00:00+00:00,
2023-09-04 01:00:00+00:00,
2023-09-04 02:00:00+00:00,
2023-09-04 03:00:00+00:00,
2023-09-04 04:00:00+00:00,
2023-09-04 05:00:00+00:00,
2023-09-04 06:00:00+00:00,
2023-09-04 07:00:00+00:00,
2023-09-04 08:00:00+00:00,
2023-09-04 09:00:00+00:00,
2023-09-04 10:00:00+00:00,
2023-09-04 11:00:00+00:00,
2023-09-04 12:00:00+00:00,
2023-09-04 13:00:00+00:00,
2023-09-04 14:00:00+00:00,
2023-09-04 15:00:00+00:00,
2023-09-04 16:00:00+00:00,
2023-09-04 17:00:00+00:00,
2023-09-04 18:00:00+00:00,
2023-09-04 19:00:00+00:00,
2023-09-04 20:00:00+00:00,
2023-09-04 21:00:00+00:00,
2023-09-04 22:00:00+00:00,
2023-09-04 23:00:00+00:00,
2023-09-05 00:00:00+00:00,
2023-09-05 01:00:00+00:00,
2023-09-05 02:00:00+00:00,
2023-09-05 03:00:00+00:00,
2023-09-05 04:00:00+00:00,
2023-09-05 05:00:00+00:00,
2023-09-05 06:00:00+00:00,
2023-09-05 07:00:00+00:00,
2023-09-05 08:00:00+00:00,
2023-09-05 09:00:00+00:00,
2023-09-05 10:00:00+00:00,
2023-09-05 11:00:00+00:00,
2023-09-05 12:00:00+00:00,
2023-09-05 13:00:00+00:00,
2023-09-05 14:00:00+00:00,
2023-09-05 15:00:00+00:00,
2023-09-05 16:00:00+00:00,
2023-09-05 17:00:00+00:00,
2023-09-05 18:00:00+00:00,
2023-09-05 19:00:00+00:00,
2023-09-05 20:00:00+00:00,
2023-09-05 21:00:00+00:00,
2023-09-05 22:00:00+00:00,
2023-09-05 23:00:00+00:00,
2023-09-06 00:00:00+00:00,
2023-09-06 01:00:00+00:00,
2023-09-06 02:00:00+00:00,
2023-09-06 03:00:00+00:00,
2023-09-06 04:00:00+00:00,
2023-09-06 05:00:00+00:00,
2023-09-06 06:00:00+00:00,
2023-09-06 07:00:00+00:00,
2023-09-06 08:00:00+00:00,
2023-09-06 09:00:00+00:00,
2023-09-06 10:00:00+00:00,
2023-09-06 11:00:00+00:00,
2023-09-06 12:00:00+00:00,
2023-09-06 13:00:00+00:00,
2023-09-06 14:00:00+00:00,
2023-09-06 15:00:00+00:00,
2023-09-06 16:00:00+00:00,
2023-09-06 17:00:00+00:00,
2023-09-06 18:00:00+00:00,
2023-09-06 19:00:00+00:00,
2023-09-06 20:00:00+00:00,
2023-09-06 21:00:00+00:00,
2023-09-06 22:00:00+00:00,
2023-09-06 23:00:00+00:00,
2023-09-07 00:00:00+00:00,
2023-09-07 01:00:00+00:00,
2023-09-07 02:00:00+00:00,
2023-09-07 03:00:00+00:00,
2023-09-07 04:00:00+00:00,
2023-09-07 05:00:00+00:00,
2023-09-07 06:00:00+00:00,
2023-09-07 07:00:00+00:00,
2023-09-07 08:00:00+00:00,
2023-09-07 09:00:00+00:00,
2023-09-07 10:00:00+00:00,
2023-09-07 11:00:00+00:00,
2023-09-07 12:00:00+00:00,
2023-09-07 13:00:00+00:00,
2023-09-07 14:00:00+00:00,
2023-09-07 15:00:00+00:00,
2023-09-07 16:00:00+00:00,
2023-09-07 17:00:00+00:00,
2023-09-07 18:00:00+00:00,
2023-09-07 19:00:00+00:00,
2023-09-07 20:00:00+00:00,
2023-09-07 21:00:00+00:00,
2023-09-07 22:00:00+00:00,
2023-09-07 23:00:00+00:00,
2023-09-08 00:00:00+00:00,
2023-09-08 01:00:00+00:00,
2023-09-08 02:00:00+00:00,
2023-09-08 03:00:00+00:00,
2023-09-08 04:00:00+00:00,
2023-09-08 05:00:00+00:00,
2023-09-08 06:00:00+00:00,
2023-09-08 07:00:00+00:00,
2023-09-08 08:00:00+00:00,
2023-09-08 09:00:00+00:00,
2023-09-08 10:00:00+00:00,
2023-09-08 11:00:00+00:00,
2023-09-08 12:00:00+00:00,
2023-09-08 13:00:00+00:00,
2023-09-08 14:00:00+00:00,
2023-09-08 15:00:00+00:00,
2023-09-08 16:00:00+00:00,
2023-09-08 17:00:00+00:00,
2023-09-08 18:00:00+00:00,
2023-09-08 19:00:00+00:00,
2023-09-08 20:00:00+00:00,
2023-09-08 21:00:00+00:00,
2023-09-08 22:00:00+00:00,
2023-09-08 23:00:00+00:00,
2023-09-09 00:00:00+00:00,
2023-09-09 01:00:00+00:00,
2023-09-09 02:00:00+00:00,
2023-09-09 03:00:00+00:00,
2023-09-09 04:00:00+00:00,
2023-09-09 05:00:00+00:00,
2023-09-09 06:00:00+00:00,
2023-09-09 07:00:00+00:00,
2023-09-09 08:00:00+00:00,
2023-09-09 09:00:00+00:00,
2023-09-09 10:00:00+00:00,
2023-09-09 11:00:00+00:00,
2023-09-09 12:00:00+00:00,
2023-09-09 13:00:00+00:00,
2023-09-09 14:00:00+00:00,
2023-09-09 15:00:00+00:00,
2023-09-09 16:00:00+00:00,
2023-09-09 17:00:00+00:00,
2023-09-09 18:00:00+00:00,
2023-09-09 19:00:00+00:00,
2023-09-09 20:00:00+00:00,
2023-09-09 21:00:00+00:00,
2023-09-09 22:00:00+00:00,
2023-09-09 23:00:00+00:00,
2023-09-10 00:00:00+00:00,
2023-09-10 01:00:00+00:00,
2023-09-10 02:00:00+00:00,
2023-09-10 03:00:00+00:00,
2023-09-10 04:00:00+00:00,
2023-09-10 05:00:00+00:00,
2023-09-10 06:00:00+00:00,
2023-09-10 07:00:00+00:00,
2023-09-10 08:00:00+00:00,
2023-09-10 09:00:00+00:00,
2023-09-10 10:00:00+00:00,
2023-09-10 11:00:00+00:00,
2023-09-10 12:00:00+00:00,
2023-09-10 13:00:00+00:00,
2023-09-10 14:00:00+00:00,
2023-09-10 15:00:00+00:00,
2023-09-10 16:00:00+00:00,
2023-09-10 17:00:00+00:00,
2023-09-10 18:00:00+00:00,
2023-09-10 19:00:00+00:00,
2023-09-10 20:00:00+00:00,
2023-09-10 21:00:00+00:00,
2023-09-10 22:00:00+00:00,
2023-09-10 23:00:00+00:00,
2023-09-11 00:00:00+00:00,
2023-09-11 01:00:00+00:00,
2023-09-11 02:00:00+00:00,
2023-09-11 03:00:00+00:00,
2023-09-11 04:00:00+00:00,
2023-09-11 05:00:00+00:00,
2023-09-11 06:00:00+00:00,
2023-09-11 07:00:00+00:00,
2023-09-11 08:00:00+00:00,
2023-09-11 09:00:00+00:00,
2023-09-11 10:00:00+00:00,
2023-09-11 11:00:00+00:00,
2023-09-11 12:00:00+00:00,
2023-09-11 13:00:00+00:00,
2023-09-11 14:00:00+00:00,
2023-09-11 15:00:00+00:00,
2023-09-11 16:00:00+00:00,
2023-09-11 17:00:00+00:00,
2023-09-11 18:00:00+00:00,
2023-09-11 19:00:00+00:00,
2023-09-11 20:00:00+00:00,
2023-09-11 21:00:00+00:00,
2023-09-11 22:00:00+00:00,
2023-09-11 23:00:00+00:00,
2023-09-12 00:00:00+00:00,
2023-09-12 01:00:00+00:00,
2023-09-12 02:00:00+00:00,
2023-09-12 03:00:00+00:00,
2023-09-12 04:00:00+00:00,
2023-09-12 05:00:00+00:00,
2023-09-12 06:00:00+00:00,
2023-09-12 07:00:00+00:00,
2023-09-12 08:00:00+00:00,
2023-09-12 09:00:00+00:00,
2023-09-12 10:00:00+00:00,
2023-09-12 11:00:00+00:00,
2023-09-12 12:00:00+00:00,
2023-09-12 13:00:00+00:00,
2023-09-12 14:00:00+00:00,
2023-09-12 15:00:00+00:00,
2023-09-12 16:00:00+00:00,
2023-09-12 17:00:00+00:00,
2023-09-12 18:00:00+00:00,
2023-09-12 19:00:00+00:00,
2023-09-12 20:00:00+00:00,
2023-09-12 21:00:00+00:00,
2023-09-12 22:00:00+00:00,
2023-09-12 23:00:00+00:00,
2023-09-13 00:00:00+00:00,
2023-09-13 01:00:00+00:00,
2023-09-13 02:00:00+00:00,
2023-09-13 03:00:00+00:00,
2023-09-13 04:00:00+00:00,
2023-09-13 05:00:00+00:00,
2023-09-13 06:00:00+00:00,
2023-09-13 07:00:00+00:00,
2023-09-13 08:00:00+00:00,
2023-09-13 09:00:00+00:00,
2023-09-13 10:00:00+00:00,
2023-09-13 11:00:00+00:00,
2023-09-13 12:00:00+00:00,
2023-09-13 13:00:00+00:00,5.712499976158142
2023-09-13 14:00:00+00:00,
2023-09-13 15:00:00+00:00,
2023-09-13 16:00:00+00:00,
2023-09-13 17:00:00+00:00,
2023-09-13 18:00:00+00:00,
2023-09-13 19:00:00+00:00,
2023-09-13 20:00:00+00:00,
2023-09-13 21:00:00+00:00,
2023-09-13 22:00:00+00:00,
2023-09-13 23:00:00+00:00,
2023-09-14 00:00:00+00:00,
2023-09-14 01:00:00+00:00,
2023-09-14 02:00:00+00:00,
2023-09-14 03:00:00+00:00,
2023-09-14 04:00:00+00:00,
2023-09-14 05:00:00+00:00,
2023-09-14 06:00:00+00:00,
2023-09-14 07:00:00+00:00,
2023-09-14 08:00:00+00:00,
2023-09-14 09:00:00+00:00,
2023-09-14 10:00:00+00:00,
2023-09-14 11:00:00+00:00,
2023-09-14 12:00:00+00:00,
2023-09-14 13:00:00+00:00,
2023-09-14 14:00:00+00:00,
2023-09-14 15:00:00+00:00,
2023-09-14 16:00:00+00:00,
2023-09-14 17:00:00+00:00,
2023-09-14 18:00:00+00:00,
2023-09-14 19:00:00+00:00,
2023-09-14 20:00:00+00:00,
2023-09-14 21:00:00+00:00,
2023-09-14 22:00:00+00:00,
2023-09-14 23:00:00+00:00,
2023-09-15 00:00:00+00:00,
2023-09-15 01:00:00+00:00,
2023-09-15 02:00:00+00:00,
2023-09-15 03:00:00+00:00,
2023-09-15 04:00:00+00:00,
2023-09-15 05:00:00+00:00,
2023-09-15 06:00:00+00:00,
2023-09-15 07:00:00+00:00,
2023-09-15 08:00:00+00:00,
2023-09-15 09:00:00+00:00,
2023-09-15 10:00:00+00:00,
2023-09-15 11:00:00+00:00,
2023-09-15 12:00:00+00:00,
2023-09-15 13:00:00+00:00,
2023-09-15 14:00:00+00:00,
2023-09-15 15:00:00+00:00,
2023-09-15 16:00:00+00:00,
2023-09-15 17:00:00+00:00,
2023-09-15 18:00:00+00:00,
2023-09-15 19:00:00+00:00,
2023-09-15 20:00:00+00:00,
2023-09-15 21:00:00+00:00,
2023-09-15 22:00:00+00:00,
2023-09-15 23:00:00+00:00,
2023-09-16 00:00:00+00:00,
2023-09-16 01:00:00+00:00,
2023-09-16 02:00:00+00:00,
2023-09-16 03:00:00+00:00,
2023-09-16 04:00:00+00:00,
2023-09-16 05:00:00+00:00,
2023-09-16 06:00:00+00:00,
2023-09-16 07:00:00+00:00,
2023-09-16 08:00:00+00:00,
2023-09-16 09:00:00+00:00,
2023-09-16 10:00:00+00:00,
2023-09-16 11:00:00+00:00,
2023-09-16 12:00:00+00:00,
2023-09-16 13:00:00+00:00,
2023-09-16 14:00:00+00:00,
2023-09-16 15:00:00+00:00,
2023-09-16 16:00:00+00:00,
2023-09-16 17:00:00+00:00,
2023-09-16 18:00:00+00:00,
2023-09-16 19:00:00+00:00,
2023-09-16 20:00:00+00:00,
2023-09-16 21:00:00+00:00,
2023-09-16 22:00:00+00:00,
2023-09-16 23:00:00+00:00,
2023-09-17 00:00:00+00:00,
2023-09-17 01:00:00+00:00,
2023-09-17 02:00:00+00:00,
2023-09-17 03:00:00+00:00,
2023-09-17 04:00:00+00:00,
2023-09-17 05:00:00+00:00,
2023-09-17 06:00:00+00:00,
2023-09-17 07:00:00+00:00,
2023-09-17 08:00:00+00:00,
2023-09-17 09:00:00+00:00,
2023-09-17 10:00:00+00:00,
2023-09-17 11:00:00+00:00,
2023-09-17 12:00:00+00:00,
2023-09-17 13:00:00+00:00,
2023-09-17 14:00:00+00:00,
2023-09-17 15:00:00+00:00,
2023-09-17 16:00:00+00:00,
2023-09-17 17:00:00+00:00,
2023-09-17 18:00:00+00:00,
2023-09-17 19:00:00+00:00,
2023-09-17 20:00:00+00:00,
2023-09-17 21:00:00+00:00,
2023-09-17 22:00:00+00:00,
2023-09-17 23:00:00+00:00,
2023-09-18 00:00:00+00:00,
2023-09-18 01:00:00+00:00,
2023-09-18 02:00:00+00:00,
2023-09-18 03:00:00+00:00,
2023-09-18 04:00:00+00:00,
2023-09-18 05:00:00+00:00,
2023-09-18 06:00:00+00:00,
2023-09-18 07:00:00+00:00,
2023-09-18 08:00:00+00:00,
2023-09-18 09:00:00+00:00,
2023-09-18 10:00:00+00:00,
2023-09-18 11:00:00+00:00,
2023-09-18 12:00:00+00:00,
2023-09-18 13:00:00+00:00,
2023-09-18 14:00:00+00:00,
2023-09-18 15:00:00+00:00,
2023-09-18 16:00:00+00:00,
2023-09-18 17:00:00+00:00,
2023-09-18 18:00:00+00:00,
2023-09-18 19:00:00+00:00,
2023-09-18 20:00:00+00:00,
2023-09-18 21:00:00+00:00,
2023-09-18 22:00:00+00:00,
2023-09-18 23:00:00+00:00,
2023-09-19 00:00:00+00:00,
2023-09-19 01:00:00+00:00,
2023-09-19 02:00:00+00:00,
2023-09-19 03:00:00+00:00,
2023-09-19 04:00:00+00:00,
2023-09-19 05:00:00+00:00,
2023-09-19 06:00:00+00:00,
2023-09-19 07:00:00+00:00,
2023-09-19 08:00:00+00:00,
2023-09-19 09:00:00+00:00,
2023-09-19 10:00:00+00:00,
2023-09-19 11:00:00+00:00,
2023-09-19 12:00:00+00:00,
2023-09-19 13:00:00+00:00,
2023-09-19 14:00:00+00:00,
2023-09-19 15:00:00+00:00,
2023-09-19 16:00:00+00:00,
2023-09-19 17:00:00+00:00,
2023-09-19 18:00:00+00:00,
2023-09-19 19:00:00+00:00,
2023-09-19 20:00:00+00:00,
2023-09-19 21:00:00+00:00,
2023-09-19 22:00:00+00:00,
2023-09-19 23:00:00+00:00,
2023-09-20 00:00:00+00:00,
2023-09-20 01:00:00+00:00,
2023-09-20 02:00:00+00:00,
2023-09-20 03:00:00+00:00,
2023-09-20 04:00:00+00:00,
2023-09-20 05:00:00+00:00,
2023-09-20 06:00:00+00:00,
2023-09-20 07:00:00+00:00,
2023-09-20 08:00:00+00:00,
2023-09-20 09:00:00+00:00,
2023-09-20 10:00:00+00:00,
2023-09-20 11:00:00+00:00,
2023-09-20 12:00:00+00:00,
2023-09-20 13:00:00+00:00,
2023-09-20 14:00:00+00:00,
2023-09-20 15:00:00+00:00,
2023-09-20 16:00:00+00:00,
2023-09-20 17:00:00+00:00,
2023-09-20 18:00:00+00:00,
2023-09-20 19:00:00+00:00,
2023-09-20 20:00:00+00:00,
2023-09-20 21:00:00+00:00,
2023-09-20 22:00:00+00:00,
2023-09-20 23:00:00+00:00,
2023-09-21 00:00:00+00:00,
2023-09-21 01:00:00+00:00,
2023-09-21 02:00:00+00:00,
2023-09-21 03:00:00+00:00,
2023-09-21 04:00:00+00:00,
2023-09-21 05:00:00+00:00,
2023-09-21 06:00:00+00:00,
2023-09-21 07:00:00+00:00,
2023-09-21 08:00:00+00:00,
2023-09-21 09:00:00+00:00,
2023-09-21 10:00:00+00:00,
2023-09-21 11:00:00+00:00,
2023-09-21 12:00:00+00:00,
2023-09-21 13:00:00+00:00,
2023-09-21 14:00:00+00:00,
2023-09-21 15:00:00+00:00,
2023-09-21 16:00:00+00:00,
2023-09-21 17:00:00+00:00,
2023-09-21 18:00:00+00:00,
2023-09-21 19:00:00+00:00,
2023-09-21 20:00:00+00:00,
2023-09-21 21:00:00+00:00,
2023-09-21 22:00:00+00:00,
2023-09-21 23:00:00+00:00,
2023-09-22 00:00:00+00:00,
2023-09-22 01:00:00+00:00,
2023-09-22 02:00:00+00:00,
2023-09-22 03:00:00+00:00,
2023-09-22 04:00:00+00:00,
2023-09-22 05:00:00+00:00,
2023-09-22 06:00:00+00:00,
2023-09-22 07:00:00+00:00,
2023-09-22 08:00:00+00:00,
2023-09-22 09:00:00+00:00,
2023-09-22 10:00:00+00:00,
2023-09-22 11:00:00+00:00,
2023-09-22 12:00:00+00:00,
2023-09-22 13:00:00+00:00,
2023-09-22 14:00:00+00:00,
2023-09-22 15:00:00+00:00,
2023-09-22 16:00:00+00:00,3.62500007947286
2023-09-22 17:00:00+00:00,7.799999912579854
2023-09-22 18:00:00+00:00,7.938888867696126
2023-09-22 19:00:00+00:00,
2023-09-22 20:00:00+00:00,
2023-09-22 21:00:00+00:00,
2023-09-22 22:00:00+00:00,20.816666497124565
2023-09-22 23:00:00+00:00,16.400000015894573
2023-09-23 00:00:00+00:00,9.854166706403097
2023-09-23 01:00:00+00:00,6.962500095367432
2023-09-23 02:00:00+00:00,7.1541666984558105
2023-09-23 03:00:00+00:00,4.620833317438762
2023-09-23 04:00:00+00:00,4.07916663090388
2023-09-23 05:00:00+00:00,4.933333317438762
2023-09-23 06:00:00+00:00,14.758333245913187
2023-09-23 07:00:00+00:00,9.429166595141092
2023-09-23 08:00:00+00:00,12.920833269755045
2023-09-23 09:00:00+00:00,7.662500103314717
2023-09-23 10:00:00+00:00,
2023-09-23 11:00:00+00:00,
2023-09-23 12:00:00+00:00,
2023-09-23 13:00:00+00:00,5.0
2023-09-23 14:00:00+00:00,5.733333309491475
2023-09-23 15:00:00+00:00,6.587500095367432
2023-09-23 16:00:00+00:00,8.770833492279053
2023-09-23 17:00:00+00:00,6.7874999443689985
2023-09-23 18:00:00+00:00,
2023-09-23 19:00:00+00:00,
2023-09-23 20:00:00+00:00,34.35000038146973
2023-09-23 21:00:00+00:00,21.172727411443535
2023-09-23 22:00:00+00:00,12.912499984105429
2023-09-23 23:00:00+00:00,7.222222328186035
2023-09-24 00:00:00+00:00,
2023-09-24 01:00:00+00:00,
2023-09-24 02:00:00+00:00,
2023-09-24 03:00:00+00:00,
2023-09-24 04:00:00+00:00,
2023-09-24 05:00:00+00:00,
2023-09-24 06:00:00+00:00,
2023-09-24 07:00:00+00:00,30.850000381469727
2023-09-24 08:00:00+00:00,22.641666571299236
2023-09-24 09:00:00+00:00,17.78333353996277
2023-09-24 10:00:00+00:00,16.858333428700764
2023-09-24 11:00:00+00:00,
2023-09-24 12:00:00+00:00,
2023-09-24 13:00:00+00:00,
2023-09-24 14:00:00+00:00,
2023-09-24 15:00:00+00:00,
2023-09-24 16:00:00+00:00,
2023-09-24 17:00:00+00:00,
2023-09-24 18:00:00+00:00,
2023-09-24 19:00:00+00:00,
2023-09-24 20:00:00+00:00,
2023-09-24 21:00:00+00:00,
2023-09-24 22:00:00+00:00,
2023-09-24 23:00:00+00:00,
2023-09-25 00:00:00+00:00,
2023-09-25 01:00:00+00:00,
2023-09-25 02:00:00+00:00,
2023-09-25 03:00:00+00:00,
2023-09-25 04:00:00+00:00,27.725000143051147
2023-09-25 05:00:00+00:00,26.21666669845581
2023-09-25 06:00:00+00:00,19.645833333333332
2023-09-25 07:00:00+00:00,29.87916660308838
2023-09-25 08:00:00+00:00,29.90999984741211
2023-09-25 09:00:00+00:00,5.09583334128062
2023-09-25 10:00:00+00:00,4.441666652758916
2023-09-25 11:00:00+00:00,
2023-09-25 12:00:00+00:00,
2023-09-25 13:00:00+00:00,
2023-09-25 14:00:00+00:00,4.950000047683716
2023-09-25 15:00:00+00:00,5.224999984105428
2023-09-25 16:00:00+00:00,5.00000003973643
2023-09-25 17:00:00+00:00,
2023-09-25 18:00:00+00:00,11.420833230018616
2023-09-25 19:00:00+00:00,
2023-09-25 20:00:00+00:00,45.25
2023-09-25 21:00:00+00:00,47.936363913796164
2023-09-25 22:00:00+00:00,43.98333326975504
2023-09-25 23:00:00+00:00,40.28749942779541
2023-09-26 00:00:00+00:00,
2023-09-26 01:00:00+00:00,38.308334032694496
2023-09-26 02:00:00+00:00,30.024999777475994
2023-09-26 03:00:00+00:00,29.241666793823242
2023-09-26 04:00:00+00:00,28.209090839732777
2023-09-26 05:00:00+00:00,30.28749990463257
2023-09-26 06:00:00+00:00,30.00000015894572
2023-09-26 07:00:00+00:00,25.833333651224773
2023-09-26 08:00:00+00:00,18.879166682561237
2023-09-26 09:00:00+00:00,16.20909092643044
2023-09-26 10:00:00+00:00,32.67083319028219
2023-09-26 11:00:00+00:00,
2023-09-26 12:00:00+00:00,
2023-09-26 13:00:00+00:00,
2023-09-26 14:00:00+00:00,11.309090961109508
2023-09-26 15:00:00+00:00,9.295833269755045
2023-09-26 16:00:00+00:00,9.808333357175192
2023-09-26 17:00:00+00:00,10.825000047683716
2023-09-26 18:00:00+00:00,12.641666809717814
2023-09-26 19:00:00+00:00,
2023-09-26 20:00:00+00:00,
2023-09-26 21:00:00+00:00,66.81999969482422
2023-09-26 22:00:00+00:00,51.337499936421715
2023-09-26 23:00:00+00:00,39.709090839732774
2023-09-27 00:00:00+00:00,
2023-09-27 01:00:00+00:00,36.55833371480306
2023-09-27 02:00:00+00:00,39.60833326975504
2023-09-27 03:00:00+00:00,59.54166603088379
2023-09-27 04:00:00+00:00,62.31666660308838
2023-09-27 05:00:00+00:00,65.19166628519694
2023-09-27 06:00:00+00:00,48.62916660308838
2023-09-27 07:00:00+00:00,43.55416679382324
2023-09-27 08:00:00+00:00,38.56249968210856
2023-09-27 09:00:00+00:00,18.608333349227905
2023-09-27 10:00:00+00:00,16.24583347638448
2023-09-27 11:00:00+00:00,
2023-09-27 12:00:00+00:00,
2023-09-27 13:00:00+00:00,15.629166762034098
2023-09-27 14:00:00+00:00,15.104166746139526
2023-09-27 15:00:00+00:00,23.516666650772095
2023-09-27 16:00:00+00:00,15.241666793823242
2023-09-27 17:00:00+00:00,14.81250007947286
2023-09-27 18:00:00+00:00,20.854166825612385
2023-09-27 19:00:00+00:00,32.55416711171468
2023-09-27 20:00:00+00:00,
2023-09-27 21:00:00+00:00,
2023-09-27 22:00:00+00:00,
2023-09-27 23:00:00+00:00,
2023-09-28 00:00:00+00:00,
2023-09-28 01:00:00+00:00,
2023-09-28 02:00:00+00:00,
2023-09-28 03:00:00+00:00,
2023-09-28 04:00:00+00:00,
2023-09-28 05:00:00+00:00,
2023-09-28 06:00:00+00:00,
2023-09-28 07:00:00+00:00,
2023-09-28 08:00:00+00:00,
2023-09-28 09:00:00+00:00,
2023-09-28 10:00:00+00:00,
2023-09-28 11:00:00+00:00,
2023-09-28 12:00:00+00:00,
2023-09-28 13:00:00+00:00,
2023-09-28 14:00:00+00:00,
2023-09-28 15:00:00+00:00,
2023-09-28 16:00:00+00:00,
2023-09-28 17:00:00+00:00,
2023-09-28 18:00:00+00:00,
2023-09-28 19:00:00+00:00,
2023-09-28 20:00:00+00:00,
2023-09-28 21:00:00+00:00,
2023-09-28 22:00:00+00:00,
2023-09-28 23:00:00+00:00,
2023-09-29 00:00:00+00:00,
2023-09-29 01:00:00+00:00,
2023-09-29 02:00:00+00:00,
2023-09-29 03:00:00+00:00,
2023-09-29 04:00:00+00:00,
2023-09-29 05:00:00+00:00,
2023-09-29 06:00:00+00:00,
2023-09-29 07:00:00+00:00,
2023-09-29 08:00:00+00:00,21.94545451077548
2023-09-29 09:00:00+00:00,14.96666661898295
2023-09-29 10:00:00+00:00,17.087499856948853
2023-09-29 11:00:00+00:00,16.712499777475994
2023-09-29 12:00:00+00:00,15.291666507720947
2023-09-29 13:00:00+00:00,17.615000200271606
2023-09-29 14:00:00+00:00,3.354166646798452
2023-09-29 15:00:00+00:00,
2023-09-29 16:00:00+00:00,1.827272740277377
2023-09-29 17:00:00+00:00,2.750000019868215
2023-09-29 18:00:00+00:00,8.758333444595337
2023-09-29 19:00:00+00:00,10.404166658719381
2023-09-29 20:00:00+00:00,8.820833365122477
2023-09-29 21:00:00+00:00,11.554166634877523
2023-09-29 22:00:00+00:00,22.98181845925071
2023-09-29 23:00:00+00:00,29.62916660308838
2023-09-30 00:00:00+00:00,
2023-09-30 01:00:00+00:00,32.44166660308838
2023-09-30 02:00:00+00:00,27.27500009536743
2023-09-30 03:00:00+00:00,15.44166644414266
2023-09-30 04:00:00+00:00,10.21666661898295
2023-09-30 05:00:00+00:00,
2023-09-30 06:00:00+00:00,6.395833333333333
2023-09-30 07:00:00+00:00,9.858333309491476
2023-09-30 08:00:00+00:00,7.066666642824809
2023-09-30 09:00:00+00:00,5.9916666348775225
2023-09-30 10:00:00+00:00,7.633333285649617
2023-09-30 11:00:00+00:00,6.537499904632568
2023-09-30 12:00:00+00:00,6.258333404858907
2023-09-30 13:00:00+00:00,
2023-09-30 14:00:00+00:00,7.4125001430511475
2023-09-30 15:00:00+00:00,7.6500000556310015
2023-09-30 16:00:00+00:00,7.308333357175191
2023-09-30 17:00:00+00:00,7.229166746139526
2023-09-30 18:00:00+00:00,7.329166650772095
2023-09-30 19:00:00+00:00,10.349999944368998
2023-09-30 20:00:00+00:00,7.791666666666667
2023-09-30 21:00:00+00:00,7.9416667222976685
2023-09-30 22:00:00+00:00,18.56666652361552
2023-09-30 23:00:00+00:00,32.558333237965904
2023-10-01 00:00:00+00:00,38.520833015441895
2023-10-01 01:00:00+00:00,21.64090919494629
2023-10-01 02:00:00+00:00,17.637499809265137
2023-10-01 03:00:00+00:00,23.141666412353516
2023-10-01 04:00:00+00:00,21.950000127156574
2023-10-01 05:00:00+00:00,18.204166571299236
2023-10-01 06:00:00+00:00,11.729166825612387
2023-10-01 07:00:00+00:00,12.675000031789144
2023-10-01 08:00:00+00:00,26.133333206176758
2023-10-01 09:00:00+00:00,8.712499817212423
2023-10-01 10:00:00+00:00,8.758333206176758
2023-10-01 11:00:00+00:00,9.012499928474426
2023-10-01 12:00:00+00:00,9.645833253860474
2023-10-01 13:00:00+00:00,
2023-10-01 14:00:00+00:00,8.795833428700766
2023-10-01 15:00:00+00:00,10.391666730244955
2023-10-01 16:00:00+00:00,13.950000286102295
2023-10-01 17:00:00+00:00,10.59166661898295
2023-10-01 18:00:00+00:00,12.266666650772095
2023-10-01 19:00:00+00:00,2.1791666696468988
2023-10-01 20:00:00+00:00,2.7791666885217032
2023-10-01 21:00:00+00:00,4.1954545757987285
2023-10-01 22:00:00+00:00,4.3125
2023-10-01 23:00:00+00:00,5.808333237965901
2023-10-02 00:00:00+00:00,9.508333285649618
2023-10-02 01:00:00+00:00,10.59583338101705
2023-10-02 02:00:00+00:00,10.208333094914755
2023-10-02 03:00:00+00:00,8.795833388964335
2023-10-02 04:00:00+00:00,7.595833261807759
2023-10-02 05:00:00+00:00,4.258333404858907
2023-10-02 06:00:00+00:00,4.0625
2023-10-02 07:00:00+00:00,14.31250011920929
2023-10-02 08:00:00+00:00,17.895833333333332
2023-10-02 09:00:00+00:00,9.40454556725242
2023-10-02 10:00:00+00:00,6.933333396911621
2023-10-02 11:00:00+00:00,12.337500174840292
2023-10-02 12:00:00+00:00,6.412500023841858
2023-10-02 13:00:00+00:00,7.65416665871938
2023-10-02 14:00:00+00:00,8.512499928474426
2023-10-02 15:00:00+00:00,12.358333230018616
2023-10-02 16:00:00+00:00,7.966666618982951
2023-10-02 17:00:00+00:00,9.525000135103861
2023-10-02 18:00:00+00:00,10.104166746139526
2023-10-02 19:00:00+00:00,12.474999904632568
2023-10-02 20:00:00+00:00,19.916666507720947
2023-10-02 21:00:00+00:00,5.712500015894572
2023-10-02 22:00:00+00:00,4.354166666666667
2023-10-02 23:00:00+00:00,1.795833299557368
2023-10-03 00:00:00+00:00,2.045833339293798
2023-10-03 01:00:00+00:00,3.3958332935969033
2023-10-03 02:00:00+00:00,3.3541666070620217
2023-10-03 03:00:00+00:00,2.320833295583725
2023-10-03 04:00:00+00:00,2.833333373069763
2023-10-03 05:00:00+00:00,4.483333388964335
2023-10-03 06:00:00+00:00,16.670833269755047
2023-10-03 07:00:00+00:00,13.49999968210856
2023-10-03 08:00:00+00:00,8.62499980131785
2023-10-03 09:00:00+00:00,7.737500031789144
2023-10-03 10:00:00+00:00,10.925000031789144
2023-10-03 11:00:00+00:00,6.374999920527141
2023-10-03 12:00:00+00:00,7.304545445875688
2023-10-03 13:00:00+00:00,8.016666650772095
2023-10-03 14:00:00+00:00,5.962499976158142
2023-10-03 15:00:00+00:00,5.1958333651224775
2023-10-03 16:00:00+00:00,3.104166656732559
2023-10-03 17:00:00+00:00,3.787499954303106
2023-10-03 18:00:00+00:00,10.687499841054281
2023-10-03 19:00:00+00:00,6.174999872843425
2023-10-03 20:00:00+00:00,5.641666769981384
2023-10-03 21:00:00+00:00,6.599999984105428
2023-10-03 22:00:00+00:00,12.90416677792867
2023-10-03 23:00:00+00:00,16.00909068367698
2023-10-04 00:00:00+00:00,14.016666809717814
2023-10-04 01:00:00+00:00,11.883333285649618
2023-10-04 02:00:00+00:00,8.545833269755045
2023-10-04 03:00:00+00:00,5.904166738192241
2023-10-04 04:00:00+00:00,3.7916666666666665
2023-10-04 05:00:00+00:00,3.029166658719381
2023-10-04 06:00:00+00:00,11.408333043257395
2023-10-04 07:00:00+00:00,11.741666793823242
2023-10-04 08:00:00+00:00,8.53333322207133
2023-10-04 09:00:00+00:00,6.691666682561238
2023-10-04 10:00:00+00:00,5.445833404858907
2023-10-04 11:00:00+00:00,7.587499976158142
2023-10-04 12:00:00+00:00,8.550000071525574
2023-10-04 13:00:00+00:00,
2023-10-04 14:00:00+00:00,9.949999968210856
2023-10-04 15:00:00+00:00,8.370833476384481
2023-10-04 16:00:00+00:00,5.837500015894572
2023-10-04 17:00:00+00:00,5.929166674613953
2023-10-04 18:00:00+00:00,1.9916666944821675
2023-10-04 19:00:00+00:00,
2023-10-04 20:00:00+00:00,
2023-10-04 21:00:00+00:00,
2023-10-04 22:00:00+00:00,
2023-10-04 23:00:00+00:00,
2023-10-05 00:00:00+00:00,6.516666624281141
2023-10-05 01:00:00+00:00,5.2416666348775225
2023-10-05 02:00:00+00:00,
2023-10-05 03:00:00+00:00,2.8583333492279053
2023-10-05 04:00:00+00:00,3.6166666746139526
2023-10-05 05:00:00+00:00,
2023-10-05 06:00:00+00:00,4.491666734218597
2023-10-05 07:00:00+00:00,5.562499940395355
2023-10-05 08:00:00+00:00,31.53749958674113
2023-10-05 09:00:00+00:00,19.179166555404663
2023-10-05 10:00:00+00:00,13.362499992052713
2023-10-05 11:00:00+00:00,
2023-10-05 12:00:00+00:00,10.570832967758179
2023-10-05 13:00:00+00:00,7.183333396911621
2023-10-05 14:00:00+00:00,7.329166611035665
2023-10-05 15:00:00+00:00,9.270833333333334
2023-10-05 16:00:00+00:00,
2023-10-05 17:00:00+00:00,14.262499729792276
2023-10-05 18:00:00+00:00,17.46666685740153
2023-10-05 19:00:00+00:00,7.929166555404663
2023-10-05 20:00:00+00:00,12.150000095367432
2023-10-05 21:00:00+00:00,5.966666549444199
2023-10-05 22:00:00+00:00,0.14166666753590107
2023-10-05 23:00:00+00:00,2.029166648785273
2023-10-06 00:00:00+00:00,1.3041666597127914
2023-10-06 01:00:00+00:00,1.4625000059604645
2023-10-06 02:00:00+00:00,1.8874999582767487
2023-10-06 03:00:00+00:00,3.6249998807907104
2023-10-06 04:00:00+00:00,4.108333309491475
2023-10-06 05:00:00+00:00,4.354166626930237
2023-10-06 06:00:00+00:00,5.495833357175191
2023-10-06 07:00:00+00:00,
2023-10-06 08:00:00+00:00,11.104166825612387
2023-10-06 09:00:00+00:00,8.31249980131785
2023-10-06 10:00:00+00:00,7.991666714350383
2023-10-06 11:00:00+00:00,6.170833269755046
2023-10-06 12:00:00+00:00,6.570833285649617
2023-10-06 13:00:00+00:00,7.854166706403096
2023-10-06 14:00:00+00:00,14.954166730244955
2023-10-06 15:00:00+00:00,18.050000031789143
2023-10-06 16:00:00+00:00,22.72500006357829
2023-10-06 17:00:00+00:00,23.97499990463257
2023-10-06 18:00:00+00:00,23.27083381017049
2023-10-06 19:00:00+00:00,23.483333269755047
2023-10-06 20:00:00+00:00,35.799999713897705
2023-10-06 21:00:00+00:00,24.68333339691162
2023-10-06 22:00:00+00:00,10.491666555404663
2023-10-06 23:00:00+00:00,7.408333420753479
2023-10-07 00:00:00+00:00,9.40416669845581
2023-10-07 01:00:00+00:00,13.550000031789144
2023-10-07 02:00:00+00:00,13.820833365122477
2023-10-07 03:00:00+00:00,12.445833206176758
2023-10-07 04:00:00+00:00,11.941666762034098
2023-10-07 05:00:00+00:00,13.01818154074929
2023-10-07 06:00:00+00:00,
2023-10-07 07:00:00+00:00,
2023-10-07 08:00:00+00:00,
2023-10-07 09:00:00+00:00,
2023-10-07 10:00:00+00:00,
2023-10-07 11:00:00+00:00,
2023-10-07 12:00:00+00:00,9.574999809265137
2023-10-07 13:00:00+00:00,6.991666793823242
2023-10-07 14:00:00+00:00,
2023-10-07 15:00:00+00:00,6.275000015894572
2023-10-07 16:00:00+00:00,7.641666611035665
2023-10-07 17:00:00+00:00,11.09166673819224
2023-10-07 18:00:00+00:00,9.737500071525574
2023-10-07 19:00:00+00:00,
2023-10-07 20:00:00+00:00,11.00000007947286
2023-10-07 21:00:00+00:00,13.666666666666666
2023-10-07 22:00:00+00:00,17.39999993642171
2023-10-07 23:00:00+00:00,3.9333333174387612
2023-10-08 00:00:00+00:00,5.679166714350383
2023-10-08 01:00:00+00:00,5.545833309491475
2023-10-08 02:00:00+00:00,5.991666714350383
2023-10-08 03:00:00+00:00,4.8208333651224775
2023-10-08 04:00:00+00:00,3.2166666785875955
2023-10-08 05:00:00+00:00,4.3374999562899275
2023-10-08 06:00:00+00:00,8.254166642824808
2023-10-08 07:00:00+00:00,5.954166690508525
2023-10-08 08:00:00+00:00,10.041666507720947
2023-10-08 09:00:00+00:00,
2023-10-08 10:00:00+00:00,
2023-10-08 11:00:00+00:00,
2023-10-08 12:00:00+00:00,
2023-10-08 13:00:00+00:00,
2023-10-08 14:00:00+00:00,
2023-10-08 15:00:00+00:00,3.1500000953674316
2023-10-08 16:00:00+00:00,3.2791666785875955
2023-10-08 17:00:00+00:00,3.75
2023-10-08 18:00:00+00:00,5.949999928474426
2023-10-08 19:00:00+00:00,6.562500079472859
2023-10-08 20:00:00+00:00,15.037500143051147
2023-10-08 21:00:00+00:00,19.31250015894572
2023-10-08 22:00:00+00:00,18.712499856948853
2023-10-08 23:00:00+00:00,11.40416669845581
2023-10-09 00:00:00+00:00,14.362500111262003
2023-10-09 01:00:00+00:00,12.037499904632568
2023-10-09 02:00:00+00:00,
2023-10-09 03:00:00+00:00,7.22083334128062
2023-10-09 04:00:00+00:00,5.833333373069763
2023-10-09 05:00:00+00:00,7.133333325386047
2023-10-09 06:00:00+00:00,10.412499904632568
2023-10-09 07:00:00+00:00,
2023-10-09 08:00:00+00:00,13.795833349227905
2023-10-09 09:00:00+00:00,
2023-10-09 10:00:00+00:00,7.607142857142857
2023-10-09 11:00:00+00:00,7.65416677792867
2023-10-09 12:00:00+00:00,9.604166666666666
2023-10-09 13:00:00+00:00,6.4958332777023315
2023-10-09 14:00:00+00:00,7.583333492279053
2023-10-09 15:00:00+00:00,8.058333357175192
2023-10-09 16:00:00+00:00,5.87500003973643
2023-10-09 17:00:00+00:00,
2023-10-09 18:00:00+00:00,7.770833373069763
2023-10-09 19:00:00+00:00,4.762500047683716
2023-10-09 20:00:00+00:00,6.372727199034258
2023-10-09 21:00:00+00:00,6.358333309491475
2023-10-09 22:00:00+00:00,5.5545453591780225
2023-10-09 23:00:00+00:00,3.140000009536743
2023-10-10 00:00:00+00:00,4.370833416779836
2023-10-10 01:00:00+00:00,5.0916666984558105
2023-10-10 02:00:00+00:00,3.912500003973643
2023-10-10 03:00:00+00:00,5.37499996026357
2023-10-10 04:00:00+00:00,6.549999992052714
2023-10-10 05:00:00+00:00,6.133333285649617
2023-10-10 06:00:00+00:00,6.09166665871938
2023-10-10 07:00:00+00:00,11.28333326180776
2023-10-10 08:00:00+00:00,22.425000190734863
2023-10-10 09:00:00+00:00,11.787500063578287
2023-10-10 10:00:00+00:00,13.529166539510092
2023-10-10 11:00:00+00:00,22.979166348775227
2023-10-10 12:00:00+00:00,
2023-10-10 13:00:00+00:00,
2023-10-10 14:00:00+00:00,20.758333683013916
2023-10-10 15:00:00+00:00,19.137499809265137
2023-10-10 16:00:00+00:00,22.71666685740153
2023-10-10 17:00:00+00:00,24.804166316986084
2023-10-10 18:00:00+00:00,21.325000127156574
2023-10-10 19:00:00+00:00,17.412500143051147
2023-10-10 20:00:00+00:00,12.46666669845581
2023-10-10 21:00:00+00:00,15.050000031789144
2023-10-10 22:00:00+00:00,
2023-10-10 23:00:00+00:00,14.331249833106995
2023-10-11 00:00:00+00:00,13.13000020980835
2023-10-11 01:00:00+00:00,11.22083338101705
2023-10-11 02:00:00+00:00,10.666666746139526
2023-10-11 03:00:00+00:00,10.741666793823242
2023-10-11 04:00:00+00:00,10.845833539962769
2023-10-11 05:00:00+00:00,15.125
2023-10-11 06:00:00+00:00,17.204166650772095
2023-10-11 07:00:00+00:00,48.41250038146973
2023-10-11 08:00:00+00:00,38.163636987859554
2023-10-11 09:00:00+00:00,19.766666809717815
2023-10-11 10:00:00+00:00,14.083333412806192
2023-10-11 11:00:00+00:00,13.670833349227905
2023-10-11 12:00:00+00:00,
2023-10-11 13:00:00+00:00,
2023-10-11 14:00:00+00:00,
2023-10-11 15:00:00+00:00,
2023-10-11 16:00:00+00:00,
2023-10-11 17:00:00+00:00,
2023-10-11 18:00:00+00:00,
2023-10-11 19:00:00+00:00,
2023-10-11 20:00:00+00:00,
2023-10-11 21:00:00+00:00,
2023-10-11 22:00:00+00:00,
2023-10-11 23:00:00+00:00,
2023-10-12 00:00:00+00:00,
2023-10-12 01:00:00+00:00,
2023-10-12 02:00:00+00:00,
2023-10-12 03:00:00+00:00,
2023-10-12 04:00:00+00:00,
2023-10-12 05:00:00+00:00,
2023-10-12 06:00:00+00:00,
2023-10-12 07:00:00+00:00,
2023-10-12 08:00:00+00:00,
2023-10-12 09:00:00+00:00,
2023-10-12 10:00:00+00:00,
2023-10-12 11:00:00+00:00,
2023-10-12 12:00:00+00:00,
2023-10-12 13:00:00+00:00,
2023-10-12 14:00:00+00:00,
2023-10-12 15:00:00+00:00,
2023-10-12 16:00:00+00:00,
2023-10-12 17:00:00+00:00,
2023-10-12 18:00:00+00:00,
2023-10-12 19:00:00+00:00,
2023-10-12 20:00:00+00:00,
2023-10-12 21:00:00+00:00,
2023-10-12 22:00:00+00:00,
2023-10-12 23:00:00+00:00,
2023-10-13 00:00:00+00:00,
2023-10-13 01:00:00+00:00,
2023-10-13 02:00:00+00:00,
2023-10-13 03:00:00+00:00,
2023-10-13 04:00:00+00:00,
2023-10-13 05:00:00+00:00,
2023-10-13 06:00:00+00:00,
2023-10-13 07:00:00+00:00,
2023-10-13 08:00:00+00:00,
2023-10-13 09:00:00+00:00,
2023-10-13 10:00:00+00:00,
2023-10-13 11:00:00+00:00,
2023-10-13 12:00:00+00:00,
2023-10-13 13:00:00+00:00,
2023-10-13 14:00:00+00:00,
2023-10-13 15:00:00+00:00,
2023-10-13 16:00:00+00:00,
2023-10-13 17:00:00+00:00,
2023-10-13 18:00:00+00:00,
2023-10-13 19:00:00+00:00,
2023-10-13 20:00:00+00:00,
2023-10-13 21:00:00+00:00,
2023-10-13 22:00:00+00:00,
2023-10-13 23:00:00+00:00,
2023-10-14 00:00:00+00:00,
2023-10-14 01:00:00+00:00,
2023-10-14 02:00:00+00:00,
2023-10-14 03:00:00+00:00,
2023-10-14 04:00:00+00:00,
2023-10-14 05:00:00+00:00,
2023-10-14 06:00:00+00:00,
2023-10-14 07:00:00+00:00,
2023-10-14 08:00:00+00:00,
2023-10-14 09:00:00+00:00,
2023-10-14 10:00:00+00:00,
2023-10-14 11:00:00+00:00,
2023-10-14 12:00:00+00:00,
2023-10-14 13:00:00+00:00,
2023-10-14 14:00:00+00:00,
2023-10-14 15:00:00+00:00,
2023-10-14 16:00:00+00:00,
2023-10-14 17:00:00+00:00,
2023-10-14 18:00:00+00:00,
2023-10-14 19:00:00+00:00,
2023-10-14 20:00:00+00:00,
2023-10-14 21:00:00+00:00,
2023-10-14 22:00:00+00:00,
2023-10-14 23:00:00+00:00,
2023-10-15 00:00:00+00:00,
2023-10-15 01:00:00+00:00,
2023-10-15 02:00:00+00:00,
2023-10-15 03:00:00+00:00,
2023-10-15 04:00:00+00:00,
2023-10-15 05:00:00+00:00,
2023-10-15 06:00:00+00:00,
2023-10-15 07:00:00+00:00,
2023-10-15 08:00:00+00:00,
2023-10-15 09:00:00+00:00,
2023-10-15 10:00:00+00:00,
2023-10-15 11:00:00+00:00,
2023-10-15 12:00:00+00:00,
2023-10-15 13:00:00+00:00,
2023-10-15 14:00:00+00:00,
2023-10-15 15:00:00+00:00,
2023-10-15 16:00:00+00:00,
2023-10-15 17:00:00+00:00,
2023-10-15 18:00:00+00:00,
2023-10-15 19:00:00+00:00,
2023-10-15 20:00:00+00:00,
2023-10-15 21:00:00+00:00,
2023-10-15 22:00:00+00:00,
2023-10-15 23:00:00+00:00,
2023-10-16 00:00:00+00:00,
2023-10-16 01:00:00+00:00,
2023-10-16 02:00:00+00:00,
2023-10-16 03:00:00+00:00,
2023-10-16 04:00:00+00:00,
2023-10-16 05:00:00+00:00,
2023-10-16 06:00:00+00:00,
2023-10-16 07:00:00+00:00,
2023-10-16 08:00:00+00:00,
2023-10-16 09:00:00+00:00,
2023-10-16 10:00:00+00:00,
2023-10-16 11:00:00+00:00,
2023-10-16 12:00:00+00:00,
2023-10-16 13:00:00+00:00,
2023-10-16 14:00:00+00:00,
2023-10-16 15:00:00+00:00,
2023-10-16 16:00:00+00:00,
2023-10-16 17:00:00+00:00,
2023-10-16 18:00:00+00:00,
2023-10-16 19:00:00+00:00,
2023-10-16 20:00:00+00:00,
2023-10-16 21:00:00+00:00,
2023-10-16 22:00:00+00:00,
2023-10-16 23:00:00+00:00,
2023-10-17 00:00:00+00:00,
2023-10-17 01:00:00+00:00,
2023-10-17 02:00:00+00:00,
2023-10-17 03:00:00+00:00,
2023-10-17 04:00:00+00:00,
2023-10-17 05:00:00+00:00,
2023-10-17 06:00:00+00:00,
2023-10-17 07:00:00+00:00,
2023-10-17 08:00:00+00:00,
2023-10-17 09:00:00+00:00,
2023-10-17 10:00:00+00:00,
2023-10-17 11:00:00+00:00,
2023-10-17 12:00:00+00:00,
2023-10-17 13:00:00+00:00,
2023-10-17 14:00:00+00:00,
2023-10-17 15:00:00+00:00,
2023-10-17 16:00:00+00:00,
2023-10-17 17:00:00+00:00,
2023-10-17 18:00:00+00:00,
2023-10-17 19:00:00+00:00,
2023-10-17 20:00:00+00:00,
2023-10-17 21:00:00+00:00,
2023-10-17 22:00:00+00:00,
2023-10-17 23:00:00+00:00,
2023-10-18 00:00:00+00:00,
2023-10-18 01:00:00+00:00,
2023-10-18 02:00:00+00:00,
2023-10-18 03:00:00+00:00,
2023-10-18 04:00:00+00:00,
2023-10-18 05:00:00+00:00,
2023-10-18 06:00:00+00:00,
2023-10-18 07:00:00+00:00,
2023-10-18 08:00:00+00:00,
2023-10-18 09:00:00+00:00,
2023-10-18 10:00:00+00:00,
2023-10-18 11:00:00+00:00,
2023-10-18 12:00:00+00:00,
2023-10-18 13:00:00+00:00,
2023-10-18 14:00:00+00:00,
2023-10-18 15:00:00+00:00,
2023-10-18 16:00:00+00:00,
2023-10-18 17:00:00+00:00,
2023-10-18 18:00:00+00:00,
2023-10-18 19:00:00+00:00,
2023-10-18 20:00:00+00:00,
2023-10-18 21:00:00+00:00,
2023-10-18 22:00:00+00:00,
2023-10-18 23:00:00+00:00,
2023-10-19 00:00:00+00:00,
2023-10-19 01:00:00+00:00,
2023-10-19 02:00:00+00:00,
2023-10-19 03:00:00+00:00,
2023-10-19 04:00:00+00:00,
2023-10-19 05:00:00+00:00,
2023-10-19 06:00:00+00:00,
2023-10-19 07:00:00+00:00,
2023-10-19 08:00:00+00:00,
2023-10-19 09:00:00+00:00,
2023-10-19 10:00:00+00:00,
2023-10-19 11:00:00+00:00,
2023-10-19 12:00:00+00:00,
2023-10-19 13:00:00+00:00,
2023-10-19 14:00:00+00:00,
2023-10-19 15:00:00+00:00,
2023-10-19 16:00:00+00:00,
2023-10-19 17:00:00+00:00,
2023-10-19 18:00:00+00:00,
2023-10-19 19:00:00+00:00,
2023-10-19 20:00:00+00:00,
2023-10-19 21:00:00+00:00,
2023-10-19 22:00:00+00:00,
2023-10-19 23:00:00+00:00,
2023-10-20 00:00:00+00:00,
2023-10-20 01:00:00+00:00,
2023-10-20 02:00:00+00:00,
2023-10-20 03:00:00+00:00,
2023-10-20 04:00:00+00:00,
2023-10-20 05:00:00+00:00,
2023-10-20 06:00:00+00:00,
2023-10-20 07:00:00+00:00,
2023-10-20 08:00:00+00:00,
2023-10-20 09:00:00+00:00,
2023-10-20 10:00:00+00:00,
2023-10-20 11:00:00+00:00,
2023-10-20 12:00:00+00:00,
2023-10-20 13:00:00+00:00,
2023-10-20 14:00:00+00:00,
2023-10-20 15:00:00+00:00,
2023-10-20 16:00:00+00:00,
2023-10-20 17:00:00+00:00,
2023-10-20 18:00:00+00:00,
2023-10-20 19:00:00+00:00,
2023-10-20 20:00:00+00:00,
2023-10-20 21:00:00+00:00,
2023-10-20 22:00:00+00:00,
2023-10-20 23:00:00+00:00,
2023-10-21 00:00:00+00:00,
2023-10-21 01:00:00+00:00,
2023-10-21 02:00:00+00:00,
2023-10-21 03:00:00+00:00,
2023-10-21 04:00:00+00:00,
2023-10-21 05:00:00+00:00,
2023-10-21 06:00:00+00:00,
2023-10-21 07:00:00+00:00,
2023-10-21 08:00:00+00:00,
2023-10-21 09:00:00+00:00,
2023-10-21 10:00:00+00:00,
2023-10-21 11:00:00+00:00,
2023-10-21 12:00:00+00:00,
2023-10-21 13:00:00+00:00,
2023-10-21 14:00:00+00:00,
2023-10-21 15:00:00+00:00,
2023-10-21 16:00:00+00:00,
2023-10-21 17:00:00+00:00,
2023-10-21 18:00:00+00:00,
2023-10-21 19:00:00+00:00,
2023-10-21 20:00:00+00:00,
2023-10-21 21:00:00+00:00,
2023-10-21 22:00:00+00:00,
2023-10-21 23:00:00+00:00,
2023-10-22 00:00:00+00:00,
2023-10-22 01:00:00+00:00,
2023-10-22 02:00:00+00:00,
2023-10-22 03:00:00+00:00,
2023-10-22 04:00:00+00:00,
2023-10-22 05:00:00+00:00,
2023-10-22 06:00:00+00:00,
2023-10-22 07:00:00+00:00,
2023-10-22 08:00:00+00:00,
2023-10-22 09:00:00+00:00,
2023-10-22 10:00:00+00:00,
2023-10-22 11:00:00+00:00,
2023-10-22 12:00:00+00:00,
2023-10-22 13:00:00+00:00,
2023-10-22 14:00:00+00:00,
2023-10-22 15:00:00+00:00,
2023-10-22 16:00:00+00:00,
2023-10-22 17:00:00+00:00,
2023-10-22 18:00:00+00:00,
2023-10-22 19:00:00+00:00,
2023-10-22 20:00:00+00:00,
2023-10-22 21:00:00+00:00,
2023-10-22 22:00:00+00:00,
2023-10-22 23:00:00+00:00,
2023-10-23 00:00:00+00:00,
2023-10-23 01:00:00+00:00,
2023-10-23 02:00:00+00:00,
2023-10-23 03:00:00+00:00,
2023-10-23 04:00:00+00:00,
2023-10-23 05:00:00+00:00,
2023-10-23 06:00:00+00:00,
2023-10-23 07:00:00+00:00,
2023-10-23 08:00:00+00:00,
2023-10-23 09:00:00+00:00,
2023-10-23 10:00:00+00:00,
2023-10-23 11:00:00+00:00,
2023-10-23 12:00:00+00:00,
2023-10-23 13:00:00+00:00,
2023-10-23 14:00:00+00:00,
2023-10-23 15:00:00+00:00,
2023-10-23 16:00:00+00:00,
2023-10-23 17:00:00+00:00,
2023-10-23 18:00:00+00:00,
2023-10-23 19:00:00+00:00,
2023-10-23 20:00:00+00:00,
2023-10-23 21:00:00+00:00,
2023-10-23 22:00:00+00:00,
2023-10-23 23:00:00+00:00,
2023-10-24 00:00:00+00:00,
2023-10-24 01:00:00+00:00,
2023-10-24 02:00:00+00:00,
2023-10-24 03:00:00+00:00,
2023-10-24 04:00:00+00:00,
2023-10-24 05:00:00+00:00,
2023-10-24 06:00:00+00:00,
2023-10-24 07:00:00+00:00,
2023-10-24 08:00:00+00:00,
2023-10-24 09:00:00+00:00,
2023-10-24 10:00:00+00:00,
2023-10-24 11:00:00+00:00,
2023-10-24 12:00:00+00:00,
2023-10-24 13:00:00+00:00,
2023-10-24 14:00:00+00:00,
2023-10-24 15:00:00+00:00,
2023-10-24 16:00:00+00:00,
2023-10-24 17:00:00+00:00,
2023-10-24 18:00:00+00:00,
2023-10-24 19:00:00+00:00,
2023-10-24 20:00:00+00:00,
2023-10-24 21:00:00+00:00,
2023-10-24 22:00:00+00:00,
2023-10-24 23:00:00+00:00,
2023-10-25 00:00:00+00:00,
2023-10-25 01:00:00+00:00,
2023-10-25 02:00:00+00:00,
2023-10-25 03:00:00+00:00,
2023-10-25 04:00:00+00:00,
2023-10-25 05:00:00+00:00,
2023-10-25 06:00:00+00:00,
2023-10-25 07:00:00+00:00,
2023-10-25 08:00:00+00:00,
2023-10-25 09:00:00+00:00,
2023-10-25 10:00:00+00:00,
2023-10-25 11:00:00+00:00,
2023-10-25 12:00:00+00:00,
2023-10-25 13:00:00+00:00,
2023-10-25 14:00:00+00:00,
2023-10-25 15:00:00+00:00,
2023-10-25 16:00:00+00:00,
2023-10-25 17:00:00+00:00,
2023-10-25 18:00:00+00:00,
2023-10-25 19:00:00+00:00,
2023-10-25 20:00:00+00:00,
2023-10-25 21:00:00+00:00,
2023-10-25 22:00:00+00:00,
2023-10-25 23:00:00+00:00,
2023-10-26 00:00:00+00:00,
2023-10-26 01:00:00+00:00,
2023-10-26 02:00:00+00:00,
2023-10-26 03:00:00+00:00,
2023-10-26 04:00:00+00:00,
2023-10-26 05:00:00+00:00,
2023-10-26 06:00:00+00:00,
2023-10-26 07:00:00+00:00,
2023-10-26 08:00:00+00:00,
2023-10-26 09:00:00+00:00,
2023-10-26 10:00:00+00:00,
2023-10-26 11:00:00+00:00,
2023-10-26 12:00:00+00:00,
2023-10-26 13:00:00+00:00,
2023-10-26 14:00:00+00:00,
2023-10-26 15:00:00+00:00,
2023-10-26 16:00:00+00:00,
2023-10-26 17:00:00+00:00,
2023-10-26 18:00:00+00:00,
2023-10-26 19:00:00+00:00,
2023-10-26 20:00:00+00:00,
2023-10-26 21:00:00+00:00,
2023-10-26 22:00:00+00:00,
2023-10-26 23:00:00+00:00,
2023-10-27 00:00:00+00:00,
2023-10-27 01:00:00+00:00,
2023-10-27 02:00:00+00:00,
2023-10-27 03:00:00+00:00,
2023-10-27 04:00:00+00:00,
2023-10-27 05:00:00+00:00,
2023-10-27 06:00:00+00:00,
2023-10-27 07:00:00+00:00,
2023-10-27 08:00:00+00:00,
2023-10-27 09:00:00+00:00,
2023-10-27 10:00:00+00:00,
2023-10-27 11:00:00+00:00,
2023-10-27 12:00:00+00:00,
2023-10-27 13:00:00+00:00,
2023-10-27 14:00:00+00:00,
2023-10-27 15:00:00+00:00,
2023-10-27 16:00:00+00:00,
2023-10-27 17:00:00+00:00,
2023-10-27 18:00:00+00:00,
2023-10-27 19:00:00+00:00,
2023-10-27 20:00:00+00:00,
2023-10-27 21:00:00+00:00,
2023-10-27 22:00:00+00:00,
2023-10-27 23:00:00+00:00,
2023-10-28 00:00:00+00:00,
2023-10-28 01:00:00+00:00,
2023-10-28 02:00:00+00:00,
2023-10-28 03:00:00+00:00,
2023-10-28 04:00:00+00:00,
2023-10-28 05:00:00+00:00,
2023-10-28 06:00:00+00:00,
2023-10-28 07:00:00+00:00,
2023-10-28 08:00:00+00:00,
2023-10-28 09:00:00+00:00,
2023-10-28 10:00:00+00:00,
2023-10-28 11:00:00+00:00,
2023-10-28 12:00:00+00:00,
2023-10-28 13:00:00+00:00,
2023-10-28 14:00:00+00:00,
2023-10-28 15:00:00+00:00,
2023-10-28 16:00:00+00:00,
2023-10-28 17:00:00+00:00,
2023-10-28 18:00:00+00:00,
2023-10-28 19:00:00+00:00,
2023-10-28 20:00:00+00:00,
2023-10-28 21:00:00+00:00,
2023-10-28 22:00:00+00:00,
2023-10-28 23:00:00+00:00,
2023-10-29 00:00:00+00:00,
2023-10-29 01:00:00+00:00,
2023-10-29 02:00:00+00:00,
2023-10-29 03:00:00+00:00,
2023-10-29 04:00:00+00:00,
2023-10-29 05:00:00+00:00,
2023-10-29 06:00:00+00:00,
2023-10-29 07:00:00+00:00,
2023-10-29 08:00:00+00:00,
2023-10-29 09:00:00+00:00,
2023-10-29 10:00:00+00:00,
2023-10-29 11:00:00+00:00,
2023-10-29 12:00:00+00:00,
2023-10-29 13:00:00+00:00,
2023-10-29 14:00:00+00:00,
2023-10-29 15:00:00+00:00,
2023-10-29 16:00:00+00:00,
2023-10-29 17:00:00+00:00,
2023-10-29 18:00:00+00:00,
2023-10-29 19:00:00+00:00,
2023-10-29 20:00:00+00:00,
2023-10-29 21:00:00+00:00,
2023-10-29 22:00:00+00:00,
2023-10-29 23:00:00+00:00,
2023-10-30 00:00:00+00:00,
2023-10-30 01:00:00+00:00,
2023-10-30 02:00:00+00:00,
2023-10-30 03:00:00+00:00,
2023-10-30 04:00:00+00:00,
2023-10-30 05:00:00+00:00,
2023-10-30 06:00:00+00:00,
2023-10-30 07:00:00+00:00,
2023-10-30 08:00:00+00:00,
2023-10-30 09:00:00+00:00,
2023-10-30 10:00:00+00:00,
2023-10-30 11:00:00+00:00,
2023-10-30 12:00:00+00:00,
2023-10-30 13:00:00+00:00,
2023-10-30 14:00:00+00:00,
2023-10-30 15:00:00+00:00,
2023-10-30 16:00:00+00:00,
2023-10-30 17:00:00+00:00,
2023-10-30 18:00:00+00:00,
2023-10-30 19:00:00+00:00,
2023-10-30 20:00:00+00:00,
2023-10-30 21:00:00+00:00,
2023-10-30 22:00:00+00:00,
2023-10-30 23:00:00+00:00,
2023-10-31 00:00:00+00:00,
2023-10-31 01:00:00+00:00,
2023-10-31 02:00:00+00:00,
2023-10-31 03:00:00+00:00,
2023-10-31 04:00:00+00:00,
2023-10-31 05:00:00+00:00,
2023-10-31 06:00:00+00:00,
2023-10-31 07:00:00+00:00,
2023-10-31 08:00:00+00:00,
2023-10-31 09:00:00+00:00,
2023-10-31 10:00:00+00:00,
2023-10-31 11:00:00+00:00,
2023-10-31 12:00:00+00:00,
2023-10-31 13:00:00+00:00,
2023-10-31 14:00:00+00:00,
2023-10-31 15:00:00+00:00,
2023-10-31 16:00:00+00:00,
2023-10-31 17:00:00+00:00,
2023-10-31 18:00:00+00:00,
2023-10-31 19:00:00+00:00,
2023-10-31 20:00:00+00:00,
2023-10-31 21:00:00+00:00,
2023-10-31 22:00:00+00:00,
2023-10-31 23:00:00+00:00,
2023-11-01 00:00:00+00:00,
